path_idx,type,color,width,vx,vy
0,f,,,0.0000,0.0000
0,f,,,677.0000,0.0000
0,f,,,677.0000,426.0000
0,f,,,0.0000,426.0000
1,s,0.7490|0.7490|0.7490,0.7142860293388367,38.5586,383.3984
1,s,0.7490|0.7490|0.7490,0.7142860293388367,38.5586,19.5508
1,s,0.7490|0.7490|0.7490,0.7142860293388367,115.6719,19.5508
1,s,0.7490|0.7490|0.7490,0.7142860293388367,192.7852,19.5508
1,s,0.7490|0.7490|0.7490,0.7142860293388367,269.8984,19.5508
1,s,0.7490|0.7490|0.7490,0.7142860293388367,348.0156,19.5508
1,s,0.7490|0.7490|0.7490,0.7142860293388367,425.1289,19.5508
1,s,0.7490|0.7490|0.7490,0.7142860293388367,502.2383,19.5508
1,s,0.7490|0.7490|0.7490,0.7142860293388367,579.3516,19.5508
1,s,0.7490|0.7490|0.7490,0.7142860293388367,657.4688,19.5508
1,s,0.7490|0.7490|0.7490,0.7142860293388367,657.4688,383.3984
1,s,0.7490|0.7490|0.7490,0.7142860293388367,657.4688,350.3203
1,s,0.7490|0.7490|0.7490,0.7142860293388367,657.4688,317.2422
1,s,0.7490|0.7490|0.7490,0.7142860293388367,657.4688,284.1641
1,s,0.7490|0.7490|0.7490,0.7142860293388367,657.4688,251.0898
1,s,0.7490|0.7490|0.7490,0.7142860293388367,657.4688,218.0117
1,s,0.7490|0.7490|0.7490,0.7142860293388367,657.4688,184.9336
1,s,0.7490|0.7490|0.7490,0.7142860293388367,657.4688,151.8594
1,s,0.7490|0.7490|0.7490,0.7142860293388367,657.4688,118.7812
1,s,0.7490|0.7490|0.7490,0.7142860293388367,657.4688,85.7031
1,s,0.7490|0.7490|0.7490,0.7142860293388367,657.4688,52.6250
1,s,0.7490|0.7490|0.7490,0.7142860293388367,657.4688,19.5508
2,s,0.3922|0.7098|0.9647,2.142859935760498,657.4688,365.2148
2,s,0.3922|0.7098|0.9647,2.142859935760498,656.3516,365.2852
2,s,0.3922|0.7098|0.9647,2.142859935760498,655.2422,365.3555
2,s,0.3922|0.7098|0.9647,2.142859935760498,654.1289,365.4297
2,s,0.3922|0.7098|0.9647,2.142859935760498,653.0195,365.5039
2,s,0.3922|0.7098|0.9647,2.142859935760498,651.9141,365.5820
2,s,0.3922|0.7098|0.9647,2.142859935760498,650.8086,365.6562
2,s,0.3922|0.7098|0.9647,2.142859935760498,649.7031,365.7305
2,s,0.3922|0.7098|0.9647,2.142859935760498,648.6016,365.8086
2,s,0.3922|0.7098|0.9647,2.142859935760498,647.5039,365.8789
2,s,0.3922|0.7098|0.9647,2.142859935760498,646.4062,365.9531
2,s,0.3922|0.7098|0.9647,2.142859935760498,645.3086,366.0195
2,s,0.3922|0.7098|0.9647,2.142859935760498,644.2148,366.0859
2,s,0.3922|0.7098|0.9647,2.142859935760498,643.1211,366.1484
2,s,0.3922|0.7098|0.9647,2.142859935760498,642.0273,366.2070
2,s,0.3922|0.7098|0.9647,2.142859935760498,640.9375,366.2617
2,s,0.3922|0.7098|0.9647,2.142859935760498,639.8516,366.3086
2,s,0.3922|0.7098|0.9647,2.142859935760498,638.7656,366.3555
2,s,0.3922|0.7098|0.9647,2.142859935760498,637.6797,366.3906
2,s,0.3922|0.7098|0.9647,2.142859935760498,636.5977,366.4258
2,s,0.3922|0.7098|0.9647,2.142859935760498,635.5156,366.4531
2,s,0.3922|0.7098|0.9647,2.142859935760498,634.4375,366.4727
2,s,0.3922|0.7098|0.9647,2.142859935760498,633.3594,366.4883
2,s,0.3922|0.7098|0.9647,2.142859935760498,632.2812,366.4961
2,s,0.3922|0.7098|0.9647,2.142859935760498,631.2070,366.4961
2,s,0.3922|0.7098|0.9647,2.142859935760498,630.1367,366.4922
2,s,0.3922|0.7098|0.9647,2.142859935760498,629.0664,366.4805
2,s,0.3922|0.7098|0.9647,2.142859935760498,627.9961,366.4648
2,s,0.3922|0.7098|0.9647,2.142859935760498,626.9297,366.4414
2,s,0.3922|0.7098|0.9647,2.142859935760498,625.8633,366.4141
2,s,0.3922|0.7098|0.9647,2.142859935760498,624.7969,366.3789
2,s,0.3922|0.7098|0.9647,2.142859935760498,623.7344,366.3359
2,s,0.3922|0.7098|0.9647,2.142859935760498,622.6758,366.2930
2,s,0.3922|0.7098|0.9647,2.142859935760498,621.6133,366.2422
2,s,0.3922|0.7098|0.9647,2.142859935760498,620.5586,366.1875
2,s,0.3922|0.7098|0.9647,2.142859935760498,619.5000,366.1289
2,s,0.3922|0.7098|0.9647,2.142859935760498,618.4453,366.0664
2,s,0.3922|0.7098|0.9647,2.142859935760498,617.3945,366.0000
2,s,0.3922|0.7098|0.9647,2.142859935760498,616.3438,365.9336
2,s,0.3922|0.7098|0.9647,2.142859935760498,615.2930,365.8633
2,s,0.3922|0.7098|0.9647,2.142859935760498,614.2461,365.7891
2,s,0.3922|0.7098|0.9647,2.142859935760498,613.1992,365.7188
2,s,0.3922|0.7098|0.9647,2.142859935760498,612.1562,365.6445
2,s,0.3922|0.7098|0.9647,2.142859935760498,611.1133,365.5703
2,s,0.3922|0.7098|0.9647,2.142859935760498,610.0703,365.4961
2,s,0.3922|0.7098|0.9647,2.142859935760498,609.0312,365.4258
2,s,0.3922|0.7098|0.9647,2.142859935760498,607.9922,365.3555
2,s,0.3922|0.7098|0.9647,2.142859935760498,606.9570,365.2852
2,s,0.3922|0.7098|0.9647,2.142859935760498,605.9219,365.2188
2,s,0.3922|0.7098|0.9647,2.142859935760498,604.8867,365.1562
2,s,0.3922|0.7098|0.9647,2.142859935760498,603.8555,365.0977
2,s,0.3922|0.7098|0.9647,2.142859935760498,602.8281,365.0391
2,s,0.3922|0.7098|0.9647,2.142859935760498,601.7969,364.9883
2,s,0.3922|0.7098|0.9647,2.142859935760498,600.7695,364.9375
2,s,0.3922|0.7098|0.9647,2.142859935760498,599.7461,364.8945
2,s,0.3922|0.7098|0.9647,2.142859935760498,598.7227,364.8555
2,s,0.3922|0.7098|0.9647,2.142859935760498,597.6992,364.8203
2,s,0.3922|0.7098|0.9647,2.142859935760498,596.6797,364.7930
2,s,0.3922|0.7098|0.9647,2.142859935760498,595.6602,364.7695
2,s,0.3922|0.7098|0.9647,2.142859935760498,594.6406,364.7539
2,s,0.3922|0.7098|0.9647,2.142859935760498,593.6250,364.7422
2,s,0.3922|0.7098|0.9647,2.142859935760498,592.6133,364.7344
2,s,0.3922|0.7098|0.9647,2.142859935760498,591.5977,364.7344
2,s,0.3922|0.7098|0.9647,2.142859935760498,590.5859,364.7422
2,s,0.3922|0.7098|0.9647,2.142859935760498,589.5781,364.7500
2,s,0.3922|0.7098|0.9647,2.142859935760498,588.5703,364.7656
2,s,0.3922|0.7098|0.9647,2.142859935760498,587.5625,364.7852
2,s,0.3922|0.7098|0.9647,2.142859935760498,586.5586,364.8125
2,s,0.3922|0.7098|0.9647,2.142859935760498,585.5547,364.8438
2,s,0.3922|0.7098|0.9647,2.142859935760498,584.5508,364.8750
2,s,0.3922|0.7098|0.9647,2.142859935760498,583.5508,364.9141
2,s,0.3922|0.7098|0.9647,2.142859935760498,582.5508,364.9570
2,s,0.3922|0.7098|0.9647,2.142859935760498,581.5547,365.0000
2,s,0.3922|0.7098|0.9647,2.142859935760498,580.5586,365.0508
2,s,0.3922|0.7098|0.9647,2.142859935760498,579.5625,365.0977
2,s,0.3922|0.7098|0.9647,2.142859935760498,578.5703,365.1523
2,s,0.3922|0.7098|0.9647,2.142859935760498,577.5781,365.2031
2,s,0.3922|0.7098|0.9647,2.142859935760498,576.5898,365.2578
2,s,0.3922|0.7098|0.9647,2.142859935760498,575.6016,365.3125
2,s,0.3922|0.7098|0.9647,2.142859935760498,574.6133,365.3672
2,s,0.3922|0.7098|0.9647,2.142859935760498,573.6250,365.4219
2,s,0.3922|0.7098|0.9647,2.142859935760498,572.6445,365.4727
2,s,0.3922|0.7098|0.9647,2.142859935760498,571.6602,365.5234
2,s,0.3922|0.7098|0.9647,2.142859935760498,570.6797,365.5742
2,s,0.3922|0.7098|0.9647,2.142859935760498,569.6992,365.6211
2,s,0.3922|0.7098|0.9647,2.142859935760498,568.7227,365.6641
2,s,0.3922|0.7098|0.9647,2.142859935760498,567.7422,365.7070
2,s,0.3922|0.7098|0.9647,2.142859935760498,566.7695,365.7461
2,s,0.3922|0.7098|0.9647,2.142859935760498,565.7930,365.7773
2,s,0.3922|0.7098|0.9647,2.142859935760498,564.8242,365.8086
2,s,0.3922|0.7098|0.9647,2.142859935760498,563.8516,365.8320
2,s,0.3922|0.7098|0.9647,2.142859935760498,562.8828,365.8516
2,s,0.3922|0.7098|0.9647,2.142859935760498,561.9141,365.8672
2,s,0.3922|0.7098|0.9647,2.142859935760498,560.9453,365.8789
2,s,0.3922|0.7098|0.9647,2.142859935760498,559.9805,365.8828
2,s,0.3922|0.7098|0.9647,2.142859935760498,559.0195,365.8828
2,s,0.3922|0.7098|0.9647,2.142859935760498,558.0547,365.8750
2,s,0.3922|0.7098|0.9647,2.142859935760498,557.0938,365.8633
2,s,0.3922|0.7098|0.9647,2.142859935760498,556.1367,365.8477
2,s,0.3922|0.7098|0.9647,2.142859935760498,555.1758,365.8242
2,s,0.3922|0.7098|0.9647,2.142859935760498,554.2227,365.7969
2,s,0.3922|0.7098|0.9647,2.142859935760498,553.2656,365.7656
2,s,0.3922|0.7098|0.9647,2.142859935760498,552.3125,365.7266
2,s,0.3922|0.7098|0.9647,2.142859935760498,551.3594,365.6836
2,s,0.3922|0.7098|0.9647,2.142859935760498,550.4102,365.6328
2,s,0.3922|0.7098|0.9647,2.142859935760498,549.4570,365.5820
2,s,0.3922|0.7098|0.9647,2.142859935760498,548.5117,365.5273
2,s,0.3922|0.7098|0.9647,2.142859935760498,547.5625,365.4648
2,s,0.3922|0.7098|0.9647,2.142859935760498,546.6172,365.4023
2,s,0.3922|0.7098|0.9647,2.142859935760498,545.6758,365.3359
2,s,0.3922|0.7098|0.9647,2.142859935760498,544.7305,365.2695
2,s,0.3922|0.7098|0.9647,2.142859935760498,543.7891,365.1953
2,s,0.3922|0.7098|0.9647,2.142859935760498,542.8516,365.1250
2,s,0.3922|0.7098|0.9647,2.142859935760498,541.9141,365.0508
2,s,0.3922|0.7098|0.9647,2.142859935760498,540.9766,364.9727
2,s,0.3922|0.7098|0.9647,2.142859935760498,540.0391,364.8984
2,s,0.3922|0.7098|0.9647,2.142859935760498,539.1055,364.8242
2,s,0.3922|0.7098|0.9647,2.142859935760498,538.1719,364.7461
2,s,0.3922|0.7098|0.9647,2.142859935760498,537.2422,364.6719
2,s,0.3922|0.7098|0.9647,2.142859935760498,536.3125,364.6016
2,s,0.3922|0.7098|0.9647,2.142859935760498,535.3828,364.5273
2,s,0.3922|0.7098|0.9647,2.142859935760498,534.4531,364.4609
2,s,0.3922|0.7098|0.9647,2.142859935760498,533.5273,364.3945
2,s,0.3922|0.7098|0.9647,2.142859935760498,532.6016,364.3281
2,s,0.3922|0.7098|0.9647,2.142859935760498,531.6797,364.2695
2,s,0.3922|0.7098|0.9647,2.142859935760498,530.7578,364.2109
2,s,0.3922|0.7098|0.9647,2.142859935760498,529.8359,364.1562
2,s,0.3922|0.7098|0.9647,2.142859935760498,528.9180,364.1094
2,s,0.3922|0.7098|0.9647,2.142859935760498,528.0000,364.0625
2,s,0.3922|0.7098|0.9647,2.142859935760498,527.0820,364.0234
2,s,0.3922|0.7098|0.9647,2.142859935760498,526.1680,363.9844
2,s,0.3922|0.7098|0.9647,2.142859935760498,525.2539,363.9531
2,s,0.3922|0.7098|0.9647,2.142859935760498,524.3398,363.9258
2,s,0.3922|0.7098|0.9647,2.142859935760498,523.4297,363.9062
2,s,0.3922|0.7098|0.9647,2.142859935760498,522.5195,363.8867
2,s,0.3922|0.7098|0.9647,2.142859935760498,521.6094,363.8750
2,s,0.3922|0.7098|0.9647,2.142859935760498,520.7031,363.8672
2,s,0.3922|0.7098|0.9647,2.142859935760498,519.7969,363.8672
2,s,0.3922|0.7098|0.9647,2.142859935760498,518.8906,363.8672
2,s,0.3922|0.7098|0.9647,2.142859935760498,517.9883,363.8711
2,s,0.3922|0.7098|0.9647,2.142859935760498,517.0859,363.8828
2,s,0.3922|0.7098|0.9647,2.142859935760498,516.1836,363.8945
2,s,0.3922|0.7098|0.9647,2.142859935760498,515.2852,363.9141
2,s,0.3922|0.7098|0.9647,2.142859935760498,514.3867,363.9336
2,s,0.3922|0.7098|0.9647,2.142859935760498,513.4883,363.9570
2,s,0.3922|0.7098|0.9647,2.142859935760498,512.5938,363.9844
2,s,0.3922|0.7098|0.9647,2.142859935760498,511.6992,364.0117
2,s,0.3922|0.7098|0.9647,2.142859935760498,510.8047,364.0430
2,s,0.3922|0.7098|0.9647,2.142859935760498,509.9141,364.0742
2,s,0.3922|0.7098|0.9647,2.142859935760498,509.0234,364.1055
2,s,0.3922|0.7098|0.9647,2.142859935760498,508.1328,364.1406
2,s,0.3922|0.7098|0.9647,2.142859935760498,507.2461,364.1719
2,s,0.3922|0.7098|0.9647,2.142859935760498,506.3594,364.2070
2,s,0.3922|0.7098|0.9647,2.142859935760498,505.4727,364.2383
2,s,0.3922|0.7098|0.9647,2.142859935760498,504.5898,364.2695
2,s,0.3922|0.7098|0.9647,2.142859935760498,503.7070,364.3008
2,s,0.3922|0.7098|0.9647,2.142859935760498,502.8242,364.3281
2,s,0.3922|0.7098|0.9647,2.142859935760498,501.9414,364.3516
2,s,0.3922|0.7098|0.9647,2.142859935760498,501.0625,364.3750
2,s,0.3922|0.7098|0.9647,2.142859935760498,500.1836,364.3984
2,s,0.3922|0.7098|0.9647,2.142859935760498,499.3086,364.4141
2,s,0.3922|0.7098|0.9647,2.142859935760498,498.4336,364.4258
2,s,0.3922|0.7098|0.9647,2.142859935760498,497.5586,364.4375
2,s,0.3922|0.7098|0.9647,2.142859935760498,496.6836,364.4414
2,s,0.3922|0.7098|0.9647,2.142859935760498,495.8125,364.4414
2,s,0.3922|0.7098|0.9647,2.142859935760498,494.9414,364.4375
2,s,0.3922|0.7098|0.9647,2.142859935760498,494.0742,364.4297
2,s,0.3922|0.7098|0.9647,2.142859935760498,493.2070,364.4180
2,s,0.3922|0.7098|0.9647,2.142859935760498,492.3398,364.3984
2,s,0.3922|0.7098|0.9647,2.142859935760498,491.4727,364.3750
2,s,0.3922|0.7098|0.9647,2.142859935760498,490.6094,364.3477
2,s,0.3922|0.7098|0.9647,2.142859935760498,489.7461,364.3125
2,s,0.3922|0.7098|0.9647,2.142859935760498,488.8828,364.2734
2,s,0.3922|0.7098|0.9647,2.142859935760498,488.0234,364.2305
2,s,0.3922|0.7098|0.9647,2.142859935760498,487.1602,364.1836
2,s,0.3922|0.7098|0.9647,2.142859935760498,486.3047,364.1289
2,s,0.3922|0.7098|0.9647,2.142859935760498,485.4453,364.0742
2,s,0.3922|0.7098|0.9647,2.142859935760498,484.5898,364.0117
2,s,0.3922|0.7098|0.9647,2.142859935760498,483.7344,363.9453
2,s,0.3922|0.7098|0.9647,2.142859935760498,482.8828,363.8750
2,s,0.3922|0.7098|0.9647,2.142859935760498,482.0312,363.8008
2,s,0.3922|0.7098|0.9647,2.142859935760498,481.1797,363.7266
2,s,0.3922|0.7098|0.9647,2.142859935760498,480.3281,363.6484
2,s,0.3922|0.7098|0.9647,2.142859935760498,479.4805,363.5664
2,s,0.3922|0.7098|0.9647,2.142859935760498,478.6328,363.4844
2,s,0.3922|0.7098|0.9647,2.142859935760498,477.7852,363.3984
2,s,0.3922|0.7098|0.9647,2.142859935760498,476.9414,363.3125
2,s,0.3922|0.7098|0.9647,2.142859935760498,476.0938,363.2227
2,s,0.3922|0.7098|0.9647,2.142859935760498,475.2539,363.1367
2,s,0.3922|0.7098|0.9647,2.142859935760498,474.4102,363.0469
2,s,0.3922|0.7098|0.9647,2.142859935760498,473.5703,362.9609
2,s,0.3922|0.7098|0.9647,2.142859935760498,472.7305,362.8711
2,s,0.3922|0.7098|0.9647,2.142859935760498,471.8906,362.7852
2,s,0.3922|0.7098|0.9647,2.142859935760498,471.0547,362.7031
2,s,0.3922|0.7098|0.9647,2.142859935760498,470.2188,362.6172
2,s,0.3922|0.7098|0.9647,2.142859935760498,469.3828,362.5391
2,s,0.3922|0.7098|0.9647,2.142859935760498,468.5508,362.4609
2,s,0.3922|0.7098|0.9647,2.142859935760498,467.7188,362.3828
2,s,0.3922|0.7098|0.9647,2.142859935760498,466.8867,362.3125
2,s,0.3922|0.7098|0.9647,2.142859935760498,466.0547,362.2422
2,s,0.3922|0.7098|0.9647,2.142859935760498,465.2266,362.1758
2,s,0.3922|0.7098|0.9647,2.142859935760498,464.3984,362.1172
2,s,0.3922|0.7098|0.9647,2.142859935760498,463.5742,362.0586
2,s,0.3922|0.7098|0.9647,2.142859935760498,462.7461,362.0039
2,s,0.3922|0.7098|0.9647,2.142859935760498,461.9219,361.9531
2,s,0.3922|0.7098|0.9647,2.142859935760498,461.0977,361.9102
2,s,0.3922|0.7098|0.9647,2.142859935760498,460.2773,361.8672
2,s,0.3922|0.7098|0.9647,2.142859935760498,459.4570,361.8320
2,s,0.3922|0.7098|0.9647,2.142859935760498,458.6367,361.7969
2,s,0.3922|0.7098|0.9647,2.142859935760498,457.8164,361.7695
2,s,0.3922|0.7098|0.9647,2.142859935760498,457.0000,361.7461
2,s,0.3922|0.7098|0.9647,2.142859935760498,456.1836,361.7266
2,s,0.3922|0.7098|0.9647,2.142859935760498,455.3672,361.7070
2,s,0.3922|0.7098|0.9647,2.142859935760498,454.5508,361.6953
2,s,0.3922|0.7098|0.9647,2.142859935760498,453.7383,361.6875
2,s,0.3922|0.7098|0.9647,2.142859935760498,452.9258,361.6797
2,s,0.3922|0.7098|0.9647,2.142859935760498,452.1172,361.6758
2,s,0.3922|0.7098|0.9647,2.142859935760498,451.3047,361.6758
2,s,0.3922|0.7098|0.9647,2.142859935760498,450.4961,361.6758
2,s,0.3922|0.7098|0.9647,2.142859935760498,449.6875,361.6797
2,s,0.3922|0.7098|0.9647,2.142859935760498,448.8828,361.6836
2,s,0.3922|0.7098|0.9647,2.142859935760498,448.0781,361.6914
2,s,0.3922|0.7098|0.9647,2.142859935760498,447.2734,361.6992
2,s,0.3922|0.7098|0.9647,2.142859935760498,446.4688,361.7031
2,s,0.3922|0.7098|0.9647,2.142859935760498,445.6680,361.7109
2,s,0.3922|0.7098|0.9647,2.142859935760498,444.8672,361.7188
2,s,0.3922|0.7098|0.9647,2.142859935760498,444.0664,361.7266
2,s,0.3922|0.7098|0.9647,2.142859935760498,443.2656,361.7305
2,s,0.3922|0.7098|0.9647,2.142859935760498,442.4688,361.7344
2,s,0.3922|0.7098|0.9647,2.142859935760498,441.6719,361.7344
2,s,0.3922|0.7098|0.9647,2.142859935760498,440.8750,361.7344
2,s,0.3922|0.7098|0.9647,2.142859935760498,440.0820,361.7305
2,s,0.3922|0.7098|0.9647,2.142859935760498,439.2891,361.7227
2,s,0.3922|0.7098|0.9647,2.142859935760498,438.4961,361.7148
2,s,0.3922|0.7098|0.9647,2.142859935760498,437.7031,361.6992
2,s,0.3922|0.7098|0.9647,2.142859935760498,436.9141,361.6836
2,s,0.3922|0.7098|0.9647,2.142859935760498,436.1250,361.6602
2,s,0.3922|0.7098|0.9647,2.142859935760498,435.3359,361.6328
2,s,0.3922|0.7098|0.9647,2.142859935760498,434.5469,361.6055
2,s,0.3922|0.7098|0.9647,2.142859935760498,433.7617,361.5703
2,s,0.3922|0.7098|0.9647,2.142859935760498,432.9766,361.5273
2,s,0.3922|0.7098|0.9647,2.142859935760498,432.1914,361.4844
2,s,0.3922|0.7098|0.9647,2.142859935760498,431.4102,361.4336
2,s,0.3922|0.7098|0.9647,2.142859935760498,430.6289,361.3789
2,s,0.3922|0.7098|0.9647,2.142859935760498,429.8477,361.3203
2,s,0.3922|0.7098|0.9647,2.142859935760498,429.0664,361.2539
2,s,0.3922|0.7098|0.9647,2.142859935760498,428.2891,361.1836
2,s,0.3922|0.7098|0.9647,2.142859935760498,427.5117,361.1094
2,s,0.3922|0.7098|0.9647,2.142859935760498,426.7344,361.0273
2,s,0.3922|0.7098|0.9647,2.142859935760498,425.9570,360.9453
2,s,0.3922|0.7098|0.9647,2.142859935760498,425.1836,360.8555
2,s,0.3922|0.7098|0.9647,2.142859935760498,424.4102,360.7617
2,s,0.3922|0.7098|0.9647,2.142859935760498,423.6367,360.6680
2,s,0.3922|0.7098|0.9647,2.142859935760498,422.8672,360.5664
2,s,0.3922|0.7098|0.9647,2.142859935760498,422.0938,360.4609
2,s,0.3922|0.7098|0.9647,2.142859935760498,421.3242,360.3555
2,s,0.3922|0.7098|0.9647,2.142859935760498,420.5586,360.2461
2,s,0.3922|0.7098|0.9647,2.142859935760498,419.7891,360.1367
2,s,0.3922|0.7098|0.9647,2.142859935760498,419.0234,360.0234
2,s,0.3922|0.7098|0.9647,2.142859935760498,418.2578,359.9062
2,s,0.3922|0.7098|0.9647,2.142859935760498,417.4922,359.7891
2,s,0.3922|0.7098|0.9647,2.142859935760498,416.7305,359.6719
2,s,0.3922|0.7098|0.9647,2.142859935760498,415.9688,359.5547
2,s,0.3922|0.7098|0.9647,2.142859935760498,415.2070,359.4375
2,s,0.3922|0.7098|0.9647,2.142859935760498,414.4453,359.3203
2,s,0.3922|0.7098|0.9647,2.142859935760498,413.6875,359.2031
2,s,0.3922|0.7098|0.9647,2.142859935760498,412.9297,359.0859
2,s,0.3922|0.7098|0.9647,2.142859935760498,412.1719,358.9727
2,s,0.3922|0.7098|0.9647,2.142859935760498,411.4141,358.8594
2,s,0.3922|0.7098|0.9647,2.142859935760498,410.6602,358.7500
2,s,0.3922|0.7098|0.9647,2.142859935760498,409.9062,358.6406
2,s,0.3922|0.7098|0.9647,2.142859935760498,409.1523,358.5352
2,s,0.3922|0.7098|0.9647,2.142859935760498,408.3984,358.4297
2,s,0.3922|0.7098|0.9647,2.142859935760498,407.6484,358.3320
2,s,0.3922|0.7098|0.9647,2.142859935760498,406.8984,358.2344
2,s,0.3922|0.7098|0.9647,2.142859935760498,406.1484,358.1406
2,s,0.3922|0.7098|0.9647,2.142859935760498,405.3984,358.0508
2,s,0.3922|0.7098|0.9647,2.142859935760498,404.6523,357.9648
2,s,0.3922|0.7098|0.9647,2.142859935760498,403.9062,357.8867
2,s,0.3922|0.7098|0.9647,2.142859935760498,403.1602,357.8086
2,s,0.3922|0.7098|0.9647,2.142859935760498,402.4141,357.7344
2,s,0.3922|0.7098|0.9647,2.142859935760498,401.6719,357.6641
2,s,0.3922|0.7098|0.9647,2.142859935760498,400.9297,357.5977
2,s,0.3922|0.7098|0.9647,2.142859935760498,400.1875,357.5352
2,s,0.3922|0.7098|0.9647,2.142859935760498,399.4453,357.4727
2,s,0.3922|0.7098|0.9647,2.142859935760498,398.7070,357.4180
2,s,0.3922|0.7098|0.9647,2.142859935760498,397.9688,357.3672
2,s,0.3922|0.7098|0.9647,2.142859935760498,397.2305,357.3164
2,s,0.3922|0.7098|0.9647,2.142859935760498,396.4922,357.2695
2,s,0.3922|0.7098|0.9647,2.142859935760498,395.7578,357.2266
2,s,0.3922|0.7098|0.9647,2.142859935760498,395.0234,357.1836
2,s,0.3922|0.7098|0.9647,2.142859935760498,394.2891,357.1445
2,s,0.3922|0.7098|0.9647,2.142859935760498,393.5547,357.1055
2,s,0.3922|0.7098|0.9647,2.142859935760498,392.8242,357.0703
2,s,0.3922|0.7098|0.9647,2.142859935760498,392.0938,357.0312
2,s,0.3922|0.7098|0.9647,2.142859935760498,391.3633,356.9961
2,s,0.3922|0.7098|0.9647,2.142859935760498,390.6328,356.9609
2,s,0.3922|0.7098|0.9647,2.142859935760498,389.9062,356.9258
2,s,0.3922|0.7098|0.9647,2.142859935760498,389.1797,356.8906
2,s,0.3922|0.7098|0.9647,2.142859935760498,388.4531,356.8516
2,s,0.3922|0.7098|0.9647,2.142859935760498,387.7266,356.8125
2,s,0.3922|0.7098|0.9647,2.142859935760498,387.0000,356.7695
2,s,0.3922|0.7098|0.9647,2.142859935760498,386.2773,356.7266
2,s,0.3922|0.7098|0.9647,2.142859935760498,385.5547,356.6797
2,s,0.3922|0.7098|0.9647,2.142859935760498,384.8320,356.6328
2,s,0.3922|0.7098|0.9647,2.142859935760498,384.1133,356.5781
2,s,0.3922|0.7098|0.9647,2.142859935760498,383.3945,356.5234
2,s,0.3922|0.7098|0.9647,2.142859935760498,382.6758,356.4609
2,s,0.3922|0.7098|0.9647,2.142859935760498,381.9570,356.3984
2,s,0.3922|0.7098|0.9647,2.142859935760498,381.2383,356.3281
2,s,0.3922|0.7098|0.9647,2.142859935760498,380.5234,356.2539
2,s,0.3922|0.7098|0.9647,2.142859935760498,379.8086,356.1758
2,s,0.3922|0.7098|0.9647,2.142859935760498,379.0938,356.0898
2,s,0.3922|0.7098|0.9647,2.142859935760498,378.3789,356.0000
2,s,0.3922|0.7098|0.9647,2.142859935760498,377.6680,355.9062
2,s,0.3922|0.7098|0.9647,2.142859935760498,376.9570,355.8047
2,s,0.3922|0.7098|0.9647,2.142859935760498,376.2461,355.6953
2,s,0.3922|0.7098|0.9647,2.142859935760498,375.5352,355.5820
2,s,0.3922|0.7098|0.9647,2.142859935760498,374.8281,355.4648
2,s,0.3922|0.7098|0.9647,2.142859935760498,374.1172,355.3398
2,s,0.3922|0.7098|0.9647,2.142859935760498,373.4102,355.2109
2,s,0.3922|0.7098|0.9647,2.142859935760498,372.7070,355.0781
2,s,0.3922|0.7098|0.9647,2.142859935760498,372.0000,354.9375
2,s,0.3922|0.7098|0.9647,2.142859935760498,371.2969,354.7891
2,s,0.3922|0.7098|0.9647,2.142859935760498,370.5938,354.6406
2,s,0.3922|0.7098|0.9647,2.142859935760498,369.8906,354.4844
2,s,0.3922|0.7098|0.9647,2.142859935760498,369.1875,354.3242
2,s,0.3922|0.7098|0.9647,2.142859935760498,368.4883,354.1602
2,s,0.3922|0.7098|0.9647,2.142859935760498,367.7891,353.9922
2,s,0.3922|0.7098|0.9647,2.142859935760498,367.0898,353.8203
2,s,0.3922|0.7098|0.9647,2.142859935760498,366.3906,353.6445
2,s,0.3922|0.7098|0.9647,2.142859935760498,365.6914,353.4648
2,s,0.3922|0.7098|0.9647,2.142859935760498,364.9961,353.2852
2,s,0.3922|0.7098|0.9647,2.142859935760498,364.3008,353.1055
2,s,0.3922|0.7098|0.9647,2.142859935760498,363.6055,352.9180
2,s,0.3922|0.7098|0.9647,2.142859935760498,362.9141,352.7344
2,s,0.3922|0.7098|0.9647,2.142859935760498,362.2188,352.5469
2,s,0.3922|0.7098|0.9647,2.142859935760498,361.5273,352.3594
2,s,0.3922|0.7098|0.9647,2.142859935760498,360.8359,352.1719
2,s,0.3922|0.7098|0.9647,2.142859935760498,360.1484,351.9844
2,s,0.3922|0.7098|0.9647,2.142859935760498,359.4570,351.8008
2,s,0.3922|0.7098|0.9647,2.142859935760498,358.7695,351.6133
2,s,0.3922|0.7098|0.9647,2.142859935760498,358.0820,351.4297
2,s,0.3922|0.7098|0.9647,2.142859935760498,357.3945,351.2461
2,s,0.3922|0.7098|0.9647,2.142859935760498,356.7070,351.0664
2,s,0.3922|0.7098|0.9647,2.142859935760498,356.0234,350.8867
2,s,0.3922|0.7098|0.9647,2.142859935760498,355.3398,350.7070
2,s,0.3922|0.7098|0.9647,2.142859935760498,354.6562,350.5352
2,s,0.3922|0.7098|0.9647,2.142859935760498,353.9727,350.3633
2,s,0.3922|0.7098|0.9647,2.142859935760498,353.2930,350.1953
2,s,0.3922|0.7098|0.9647,2.142859935760498,352.6094,350.0312
2,s,0.3922|0.7098|0.9647,2.142859935760498,351.9297,349.8672
2,s,0.3922|0.7098|0.9647,2.142859935760498,351.2539,349.7070
2,s,0.3922|0.7098|0.9647,2.142859935760498,350.5742,349.5508
2,s,0.3922|0.7098|0.9647,2.142859935760498,349.8984,349.3984
2,s,0.3922|0.7098|0.9647,2.142859935760498,349.2188,349.2500
2,s,0.3922|0.7098|0.9647,2.142859935760498,348.5430,349.1055
2,s,0.3922|0.7098|0.9647,2.142859935760498,347.8711,348.9609
2,s,0.3922|0.7098|0.9647,2.142859935760498,347.1953,348.8203
2,s,0.3922|0.7098|0.9647,2.142859935760498,346.5234,348.6836
2,s,0.3922|0.7098|0.9647,2.142859935760498,345.8516,348.5469
2,s,0.3922|0.7098|0.9647,2.142859935760498,345.1797,348.4141
2,s,0.3922|0.7098|0.9647,2.142859935760498,344.5078,348.2812
2,s,0.3922|0.7098|0.9647,2.142859935760498,343.8398,348.1523
2,s,0.3922|0.7098|0.9647,2.142859935760498,343.1680,348.0195
2,s,0.3922|0.7098|0.9647,2.142859935760498,342.5000,347.8945
2,s,0.3922|0.7098|0.9647,2.142859935760498,341.8320,347.7656
2,s,0.3922|0.7098|0.9647,2.142859935760498,341.1680,347.6367
2,s,0.3922|0.7098|0.9647,2.142859935760498,340.5000,347.5078
2,s,0.3922|0.7098|0.9647,2.142859935760498,339.8359,347.3789
2,s,0.3922|0.7098|0.9647,2.142859935760498,339.1719,347.2500
2,s,0.3922|0.7098|0.9647,2.142859935760498,338.5078,347.1172
2,s,0.3922|0.7098|0.9647,2.142859935760498,337.8477,346.9805
2,s,0.3922|0.7098|0.9647,2.142859935760498,337.1836,346.8438
2,s,0.3922|0.7098|0.9647,2.142859935760498,336.5234,346.7031
2,s,0.3922|0.7098|0.9647,2.142859935760498,335.8633,346.5586
2,s,0.3922|0.7098|0.9647,2.142859935760498,335.2070,346.4102
2,s,0.3922|0.7098|0.9647,2.142859935760498,334.5469,346.2578
2,s,0.3922|0.7098|0.9647,2.142859935760498,333.8906,346.0977
2,s,0.3922|0.7098|0.9647,2.142859935760498,333.2344,345.9375
2,s,0.3922|0.7098|0.9647,2.142859935760498,332.5781,345.7656
2,s,0.3922|0.7098|0.9647,2.142859935760498,331.9219,345.5938
2,s,0.3922|0.7098|0.9647,2.142859935760498,331.2656,345.4102
2,s,0.3922|0.7098|0.9647,2.142859935760498,330.6133,345.2227
2,s,0.3922|0.7098|0.9647,2.142859935760498,329.9609,345.0273
2,s,0.3922|0.7098|0.9647,2.142859935760498,329.3086,344.8242
2,s,0.3922|0.7098|0.9647,2.142859935760498,328.6602,344.6133
2,s,0.3922|0.7098|0.9647,2.142859935760498,328.0078,344.3945
2,s,0.3922|0.7098|0.9647,2.142859935760498,327.3594,344.1680
2,s,0.3922|0.7098|0.9647,2.142859935760498,326.7109,343.9336
2,s,0.3922|0.7098|0.9647,2.142859935760498,326.0625,343.6914
2,s,0.3922|0.7098|0.9647,2.142859935760498,325.4141,343.4375
2,s,0.3922|0.7098|0.9647,2.142859935760498,324.7695,343.1797
2,s,0.3922|0.7098|0.9647,2.142859935760498,324.1211,342.9141
2,s,0.3922|0.7098|0.9647,2.142859935760498,323.4766,342.6367
2,s,0.3922|0.7098|0.9647,2.142859935760498,322.8359,342.3516
2,s,0.3922|0.7098|0.9647,2.142859935760498,322.1914,342.0625
2,s,0.3922|0.7098|0.9647,2.142859935760498,321.5469,341.7617
2,s,0.3922|0.7098|0.9647,2.142859935760498,320.9062,341.4570
2,s,0.3922|0.7098|0.9647,2.142859935760498,320.2656,341.1406
2,s,0.3922|0.7098|0.9647,2.142859935760498,319.6250,340.8203
2,s,0.3922|0.7098|0.9647,2.142859935760498,318.9883,340.4922
2,s,0.3922|0.7098|0.9647,2.142859935760498,318.3477,340.1602
2,s,0.3922|0.7098|0.9647,2.142859935760498,317.7109,339.8164
2,s,0.3922|0.7098|0.9647,2.142859935760498,317.0742,339.4727
2,s,0.3922|0.7098|0.9647,2.142859935760498,316.4375,339.1211
2,s,0.3922|0.7098|0.9647,2.142859935760498,315.8008,338.7656
2,s,0.3922|0.7098|0.9647,2.142859935760498,315.1680,338.4023
2,s,0.3922|0.7098|0.9647,2.142859935760498,314.5312,338.0391
2,s,0.3922|0.7098|0.9647,2.142859935760498,313.8984,337.6680
2,s,0.3922|0.7098|0.9647,2.142859935760498,313.2656,337.2969
2,s,0.3922|0.7098|0.9647,2.142859935760498,312.6367,336.9219
2,s,0.3922|0.7098|0.9647,2.142859935760498,312.0039,336.5430
2,s,0.3922|0.7098|0.9647,2.142859935760498,311.3750,336.1641
2,s,0.3922|0.7098|0.9647,2.142859935760498,310.7461,335.7812
2,s,0.3922|0.7098|0.9647,2.142859935760498,310.1172,335.3984
2,s,0.3922|0.7098|0.9647,2.142859935760498,309.4883,335.0156
2,s,0.3922|0.7098|0.9647,2.142859935760498,308.8633,334.6289
2,s,0.3922|0.7098|0.9647,2.142859935760498,308.2344,334.2422
2,s,0.3922|0.7098|0.9647,2.142859935760498,307.6094,333.8594
2,s,0.3922|0.7098|0.9647,2.142859935760498,306.9844,333.4727
2,s,0.3922|0.7098|0.9647,2.142859935760498,306.3594,333.0859
2,s,0.3922|0.7098|0.9647,2.142859935760498,305.7383,332.7031
2,s,0.3922|0.7098|0.9647,2.142859935760498,305.1172,332.3164
2,s,0.3922|0.7098|0.9647,2.142859935760498,304.4922,331.9336
2,s,0.3922|0.7098|0.9647,2.142859935760498,303.8711,331.5508
3,s,0.3922|0.7098|0.9647,2.142859935760498,303.8711,331.5508
3,s,0.3922|0.7098|0.9647,2.142859935760498,303.2539,331.1680
3,s,0.3922|0.7098|0.9647,2.142859935760498,302.6328,330.7852
3,s,0.3922|0.7098|0.9647,2.142859935760498,302.0117,330.4023
3,s,0.3922|0.7098|0.9647,2.142859935760498,301.3945,330.0195
3,s,0.3922|0.7098|0.9647,2.142859935760498,300.7773,329.6367
3,s,0.3922|0.7098|0.9647,2.142859935760498,300.1602,329.2578
3,s,0.3922|0.7098|0.9647,2.142859935760498,299.5469,328.8750
3,s,0.3922|0.7098|0.9647,2.142859935760498,298.9297,328.4922
3,s,0.3922|0.7098|0.9647,2.142859935760498,298.3164,328.1055
3,s,0.3922|0.7098|0.9647,2.142859935760498,297.7031,327.7188
3,s,0.3922|0.7098|0.9647,2.142859935760498,297.0898,327.3320
3,s,0.3922|0.7098|0.9647,2.142859935760498,296.4766,326.9414
3,s,0.3922|0.7098|0.9647,2.142859935760498,295.8633,326.5508
3,s,0.3922|0.7098|0.9647,2.142859935760498,295.2539,326.1523
3,s,0.3922|0.7098|0.9647,2.142859935760498,294.6445,325.7500
3,s,0.3922|0.7098|0.9647,2.142859935760498,294.0352,325.3438
3,s,0.3922|0.7098|0.9647,2.142859935760498,293.4258,324.9336
3,s,0.3922|0.7098|0.9647,2.142859935760498,292.8164,324.5156
3,s,0.3922|0.7098|0.9647,2.142859935760498,292.2109,324.0898
3,s,0.3922|0.7098|0.9647,2.142859935760498,291.6055,323.6602
3,s,0.3922|0.7098|0.9647,2.142859935760498,291.0000,323.2188
3,s,0.3922|0.7098|0.9647,2.142859935760498,290.3945,322.7695
3,s,0.3922|0.7098|0.9647,2.142859935760498,289.7891,322.3125
3,s,0.3922|0.7098|0.9647,2.142859935760498,289.1836,321.8438
3,s,0.3922|0.7098|0.9647,2.142859935760498,288.5820,321.3633
3,s,0.3922|0.7098|0.9647,2.142859935760498,287.9805,320.8711
3,s,0.3922|0.7098|0.9647,2.142859935760498,287.3789,320.3672
3,s,0.3922|0.7098|0.9647,2.142859935760498,286.7773,319.8516
3,s,0.3922|0.7098|0.9647,2.142859935760498,286.1797,319.3203
3,s,0.3922|0.7098|0.9647,2.142859935760498,285.5781,318.7773
3,s,0.3922|0.7098|0.9647,2.142859935760498,284.9805,318.2188
3,s,0.3922|0.7098|0.9647,2.142859935760498,284.3828,317.6406
3,s,0.3922|0.7098|0.9647,2.142859935760498,283.7852,317.0508
3,s,0.3922|0.7098|0.9647,2.142859935760498,283.1875,316.4453
3,s,0.3922|0.7098|0.9647,2.142859935760498,282.5938,315.8203
3,s,0.3922|0.7098|0.9647,2.142859935760498,281.9961,315.1797
3,s,0.3922|0.7098|0.9647,2.142859935760498,281.4023,314.5195
3,s,0.3922|0.7098|0.9647,2.142859935760498,280.8086,313.8438
3,s,0.3922|0.7098|0.9647,2.142859935760498,280.2148,313.1484
3,s,0.3922|0.7098|0.9647,2.142859935760498,279.6211,312.4375
3,s,0.3922|0.7098|0.9647,2.142859935760498,279.0312,311.7031
3,s,0.3922|0.7098|0.9647,2.142859935760498,278.4414,310.9531
3,s,0.3922|0.7098|0.9647,2.142859935760498,277.8477,310.1836
3,s,0.3922|0.7098|0.9647,2.142859935760498,277.2617,309.3945
3,s,0.3922|0.7098|0.9647,2.142859935760498,276.6719,308.5898
3,s,0.3922|0.7098|0.9647,2.142859935760498,276.0820,307.7617
3,s,0.3922|0.7098|0.9647,2.142859935760498,275.4961,306.9180
3,s,0.3922|0.7098|0.9647,2.142859935760498,274.9062,306.0547
3,s,0.3922|0.7098|0.9647,2.142859935760498,274.3203,305.1758
3,s,0.3922|0.7098|0.9647,2.142859935760498,273.7344,304.2734
3,s,0.3922|0.7098|0.9647,2.142859935760498,273.1523,303.3555
3,s,0.3922|0.7098|0.9647,2.142859935760498,272.5664,302.4219
3,s,0.3922|0.7098|0.9647,2.142859935760498,271.9844,301.4688
3,s,0.3922|0.7098|0.9647,2.142859935760498,271.4023,300.5000
3,s,0.3922|0.7098|0.9647,2.142859935760498,270.8203,299.5117
3,s,0.3922|0.7098|0.9647,2.142859935760498,270.2383,298.5117
3,s,0.3922|0.7098|0.9647,2.142859935760498,269.6562,297.4922
3,s,0.3922|0.7098|0.9647,2.142859935760498,269.0742,296.4570
3,s,0.3922|0.7098|0.9647,2.142859935760498,268.4961,295.4062
3,s,0.3922|0.7098|0.9647,2.142859935760498,267.9180,294.3398
3,s,0.3922|0.7098|0.9647,2.142859935760498,267.3398,293.2578
3,s,0.3922|0.7098|0.9647,2.142859935760498,266.7617,292.1641
3,s,0.3922|0.7098|0.9647,2.142859935760498,266.1836,291.0508
3,s,0.3922|0.7098|0.9647,2.142859935760498,265.6094,289.9297
3,s,0.3922|0.7098|0.9647,2.142859935760498,265.0352,288.7891
3,s,0.3922|0.7098|0.9647,2.142859935760498,264.4570,287.6367
3,s,0.3922|0.7098|0.9647,2.142859935760498,263.8828,286.4727
3,s,0.3922|0.7098|0.9647,2.142859935760498,263.3125,285.2930
3,s,0.3922|0.7098|0.9647,2.142859935760498,262.7383,284.0977
3,s,0.3922|0.7098|0.9647,2.142859935760498,262.1641,282.8906
3,s,0.3922|0.7098|0.9647,2.142859935760498,261.5938,281.6680
3,s,0.3922|0.7098|0.9647,2.142859935760498,261.0234,280.4336
3,s,0.3922|0.7098|0.9647,2.142859935760498,260.4531,279.1836
3,s,0.3922|0.7098|0.9647,2.142859935760498,259.8828,277.9180
3,s,0.3922|0.7098|0.9647,2.142859935760498,259.3125,276.6367
3,s,0.3922|0.7098|0.9647,2.142859935760498,258.7461,275.3398
3,s,0.3922|0.7098|0.9647,2.142859935760498,258.1797,274.0273
3,s,0.3922|0.7098|0.9647,2.142859935760498,257.6133,272.6992
3,s,0.3922|0.7098|0.9647,2.142859935760498,257.0469,271.3516
3,s,0.3922|0.7098|0.9647,2.142859935760498,256.4805,269.9844
3,s,0.3922|0.7098|0.9647,2.142859935760498,255.9141,268.6016
3,s,0.3922|0.7098|0.9647,2.142859935760498,255.3516,267.1953
3,s,0.3922|0.7098|0.9647,2.142859935760498,254.7852,265.7695
3,s,0.3922|0.7098|0.9647,2.142859935760498,254.2227,264.3203
3,s,0.3922|0.7098|0.9647,2.142859935760498,253.6602,262.8477
3,s,0.3922|0.7098|0.9647,2.142859935760498,253.0977,261.3477
3,s,0.3922|0.7098|0.9647,2.142859935760498,252.5391,259.8242
3,s,0.3922|0.7098|0.9647,2.142859935760498,251.9766,258.2734
3,s,0.3922|0.7098|0.9647,2.142859935760498,251.4180,256.6953
3,s,0.3922|0.7098|0.9647,2.142859935760498,250.8594,255.0859
3,s,0.3922|0.7098|0.9647,2.142859935760498,250.2969,253.4414
3,s,0.3922|0.7098|0.9647,2.142859935760498,249.7422,251.7656
3,s,0.3922|0.7098|0.9647,2.142859935760498,249.1836,250.0586
3,s,0.3922|0.7098|0.9647,2.142859935760498,248.6250,248.3125
3,s,0.3922|0.7098|0.9647,2.142859935760498,248.0703,246.5273
3,s,0.3922|0.7098|0.9647,2.142859935760498,247.5156,244.7070
3,s,0.3922|0.7098|0.9647,2.142859935760498,246.9609,242.8438
3,s,0.3922|0.7098|0.9647,2.142859935760498,246.4062,240.9375
3,s,0.3922|0.7098|0.9647,2.142859935760498,245.8516,238.9883
3,s,0.3922|0.7098|0.9647,2.142859935760498,245.3008,236.9961
3,s,0.3922|0.7098|0.9647,2.142859935760498,244.7461,234.9570
3,s,0.3922|0.7098|0.9647,2.142859935760498,244.1953,232.8672
3,s,0.3922|0.7098|0.9647,2.142859935760498,243.6445,230.7305
3,s,0.3922|0.7098|0.9647,2.142859935760498,243.0938,228.5469
3,s,0.3922|0.7098|0.9647,2.142859935760498,242.5430,226.3086
3,s,0.3922|0.7098|0.9647,2.142859935760498,241.9922,224.0195
3,s,0.3922|0.7098|0.9647,2.142859935760498,241.4453,221.6797
3,s,0.3922|0.7098|0.9647,2.142859935760498,240.8984,219.2852
3,s,0.3922|0.7098|0.9647,2.142859935760498,240.3516,216.8398
3,s,0.3922|0.7098|0.9647,2.142859935760498,239.8047,214.3359
3,s,0.3922|0.7098|0.9647,2.142859935760498,239.2578,211.7812
3,s,0.3922|0.7098|0.9647,2.142859935760498,238.7109,209.1680
3,s,0.3922|0.7098|0.9647,2.142859935760498,238.1680,206.5039
3,s,0.3922|0.7098|0.9647,2.142859935760498,237.6211,203.7852
3,s,0.3922|0.7098|0.9647,2.142859935760498,237.0781,201.0117
3,s,0.3922|0.7098|0.9647,2.142859935760498,236.5352,198.1875
3,s,0.3922|0.7098|0.9647,2.142859935760498,235.9922,195.3086
3,s,0.3922|0.7098|0.9647,2.142859935760498,235.4492,192.3789
3,s,0.3922|0.7098|0.9647,2.142859935760498,234.9102,189.4023
3,s,0.3922|0.7098|0.9647,2.142859935760498,234.3672,186.3711
3,s,0.3922|0.7098|0.9647,2.142859935760498,233.8281,183.2969
3,s,0.3922|0.7098|0.9647,2.142859935760498,233.2891,180.1797
3,s,0.3922|0.7098|0.9647,2.142859935760498,232.7500,177.0156
3,s,0.3922|0.7098|0.9647,2.142859935760498,232.2109,173.8125
3,s,0.3922|0.7098|0.9647,2.142859935760498,231.6719,170.5703
3,s,0.3922|0.7098|0.9647,2.142859935760498,231.1367,167.2930
3,s,0.3922|0.7098|0.9647,2.142859935760498,230.5977,163.9805
3,s,0.3922|0.7098|0.9647,2.142859935760498,230.0625,160.6406
3,s,0.3922|0.7098|0.9647,2.142859935760498,229.5273,157.2734
3,s,0.3922|0.7098|0.9647,2.142859935760498,228.9922,153.8867
3,s,0.3922|0.7098|0.9647,2.142859935760498,228.4609,150.4766
3,s,0.3922|0.7098|0.9647,2.142859935760498,227.9258,147.0508
3,s,0.3922|0.7098|0.9647,2.142859935760498,227.3945,143.6133
3,s,0.3922|0.7098|0.9647,2.142859935760498,226.8594,140.1719
3,s,0.3922|0.7098|0.9647,2.142859935760498,226.3281,136.7227
3,s,0.3922|0.7098|0.9647,2.142859935760498,225.7969,133.2773
3,s,0.3922|0.7098|0.9647,2.142859935760498,225.2656,129.8359
3,s,0.3922|0.7098|0.9647,2.142859935760498,224.7383,126.4062
3,s,0.3922|0.7098|0.9647,2.142859935760498,224.2070,122.9922
3,s,0.3922|0.7098|0.9647,2.142859935760498,223.6797,119.5977
3,s,0.3922|0.7098|0.9647,2.142859935760498,223.1484,116.2266
3,s,0.3922|0.7098|0.9647,2.142859935760498,222.6211,112.8867
3,s,0.3922|0.7098|0.9647,2.142859935760498,222.0938,109.5820
3,s,0.3922|0.7098|0.9647,2.142859935760498,221.5664,106.3164
3,s,0.3922|0.7098|0.9647,2.142859935760498,221.0430,103.0938
3,s,0.3922|0.7098|0.9647,2.142859935760498,220.5156,99.9258
3,s,0.3922|0.7098|0.9647,2.142859935760498,219.9922,96.8125
3,s,0.3922|0.7098|0.9647,2.142859935760498,219.4688,93.7578
3,s,0.3922|0.7098|0.9647,2.142859935760498,218.9453,90.7695
3,s,0.3922|0.7098|0.9647,2.142859935760498,218.4219,87.8516
3,s,0.3922|0.7098|0.9647,2.142859935760498,217.8984,85.0078
3,s,0.3922|0.7098|0.9647,2.142859935760498,217.3750,82.2422
3,s,0.3922|0.7098|0.9647,2.142859935760498,216.8555,79.5625
3,s,0.3922|0.7098|0.9647,2.142859935760498,216.3359,76.9727
3,s,0.3922|0.7098|0.9647,2.142859935760498,215.8125,74.4766
3,s,0.3922|0.7098|0.9647,2.142859935760498,215.2930,72.0820
3,s,0.3922|0.7098|0.9647,2.142859935760498,214.7734,69.7852
3,s,0.3922|0.7098|0.9647,2.142859935760498,214.2578,67.5938
3,s,0.3922|0.7098|0.9647,2.142859935760498,213.7383,65.5117
3,s,0.3922|0.7098|0.9647,2.142859935760498,213.2227,63.5430
3,s,0.3922|0.7098|0.9647,2.142859935760498,212.7031,61.6953
3,s,0.3922|0.7098|0.9647,2.142859935760498,212.1875,59.9609
3,s,0.3922|0.7098|0.9647,2.142859935760498,211.6719,58.3516
3,s,0.3922|0.7098|0.9647,2.142859935760498,211.1562,56.8672
3,s,0.3922|0.7098|0.9647,2.142859935760498,210.6445,55.5078
3,s,0.3922|0.7098|0.9647,2.142859935760498,210.1289,54.2812
3,s,0.3922|0.7098|0.9647,2.142859935760498,209.6133,53.1836
3,s,0.3922|0.7098|0.9647,2.142859935760498,209.1016,52.2188
3,s,0.3922|0.7098|0.9647,2.142859935760498,208.5898,51.3867
3,s,0.3922|0.7098|0.9647,2.142859935760498,208.0781,50.6914
3,s,0.3922|0.7098|0.9647,2.142859935760498,207.5664,50.1289
3,s,0.3922|0.7098|0.9647,2.142859935760498,207.0547,49.7031
3,s,0.3922|0.7098|0.9647,2.142859935760498,206.5469,49.4141
3,s,0.3922|0.7098|0.9647,2.142859935760498,206.0352,49.2578
3,s,0.3922|0.7098|0.9647,2.142859935760498,205.5273,49.2383
3,s,0.3922|0.7098|0.9647,2.142859935760498,205.0195,49.3516
3,s,0.3922|0.7098|0.9647,2.142859935760498,204.5117,49.6016
3,s,0.3922|0.7098|0.9647,2.142859935760498,204.0039,49.9805
3,s,0.3922|0.7098|0.9647,2.142859935760498,203.4961,50.4922
3,s,0.3922|0.7098|0.9647,2.142859935760498,202.9922,51.1289
3,s,0.3922|0.7098|0.9647,2.142859935760498,202.4844,51.8945
3,s,0.3922|0.7098|0.9647,2.142859935760498,201.9805,52.7812
3,s,0.3922|0.7098|0.9647,2.142859935760498,201.4766,53.7891
3,s,0.3922|0.7098|0.9647,2.142859935760498,200.9688,54.9141
3,s,0.3922|0.7098|0.9647,2.142859935760498,200.4688,56.1562
3,s,0.3922|0.7098|0.9647,2.142859935760498,199.9648,57.5117
3,s,0.3922|0.7098|0.9647,2.142859935760498,199.4609,58.9727
3,s,0.3922|0.7098|0.9647,2.142859935760498,198.9609,60.5352
3,s,0.3922|0.7098|0.9647,2.142859935760498,198.4570,62.2031
3,s,0.3922|0.7098|0.9647,2.142859935760498,197.9570,63.9648
3,s,0.3922|0.7098|0.9647,2.142859935760498,197.4570,65.8164
3,s,0.3922|0.7098|0.9647,2.142859935760498,196.9570,67.7578
3,s,0.3922|0.7098|0.9647,2.142859935760498,196.4570,69.7812
3,s,0.3922|0.7098|0.9647,2.142859935760498,195.9570,71.8867
3,s,0.3922|0.7098|0.9647,2.142859935760498,195.4609,74.0625
3,s,0.3922|0.7098|0.9647,2.142859935760498,194.9648,76.3086
3,s,0.3922|0.7098|0.9647,2.142859935760498,194.4648,78.6172
3,s,0.3922|0.7098|0.9647,2.142859935760498,193.9688,80.9883
3,s,0.3922|0.7098|0.9647,2.142859935760498,193.4727,83.4102
3,s,0.3922|0.7098|0.9647,2.142859935760498,192.9766,85.8828
3,s,0.3922|0.7098|0.9647,2.142859935760498,192.4844,88.4023
3,s,0.3922|0.7098|0.9647,2.142859935760498,191.9883,90.9570
3,s,0.3922|0.7098|0.9647,2.142859935760498,191.4961,93.5508
3,s,0.3922|0.7098|0.9647,2.142859935760498,191.0000,96.1719
3,s,0.3922|0.7098|0.9647,2.142859935760498,190.5078,98.8203
3,s,0.3922|0.7098|0.9647,2.142859935760498,190.0156,101.4844
3,s,0.3922|0.7098|0.9647,2.142859935760498,189.5234,104.1680
3,s,0.3922|0.7098|0.9647,2.142859935760498,189.0312,106.8594
3,s,0.3922|0.7098|0.9647,2.142859935760498,188.5430,109.5625
3,s,0.3922|0.7098|0.9647,2.142859935760498,188.0508,112.2656
3,s,0.3922|0.7098|0.9647,2.142859935760498,187.5625,114.9648
3,s,0.3922|0.7098|0.9647,2.142859935760498,187.0703,117.6602
3,s,0.3922|0.7098|0.9647,2.142859935760498,186.5820,120.3438
3,s,0.3922|0.7098|0.9647,2.142859935760498,186.0938,123.0156
3,s,0.3922|0.7098|0.9647,2.142859935760498,185.6055,125.6680
3,s,0.3922|0.7098|0.9647,2.142859935760498,185.1211,128.3008
3,s,0.3922|0.7098|0.9647,2.142859935760498,184.6328,130.9062
3,s,0.3922|0.7098|0.9647,2.142859935760498,184.1484,133.4883
3,s,0.3922|0.7098|0.9647,2.142859935760498,183.6602,136.0391
3,s,0.3922|0.7098|0.9647,2.142859935760498,183.1758,138.5586
3,s,0.3922|0.7098|0.9647,2.142859935760498,182.6914,141.0391
3,s,0.3922|0.7098|0.9647,2.142859935760498,182.2070,143.4844
3,s,0.3922|0.7098|0.9647,2.142859935760498,181.7227,145.8906
3,s,0.3922|0.7098|0.9647,2.142859935760498,181.2422,148.2539
3,s,0.3922|0.7098|0.9647,2.142859935760498,180.7578,150.5703
3,s,0.3922|0.7098|0.9647,2.142859935760498,180.2773,152.8438
3,s,0.3922|0.7098|0.9647,2.142859935760498,179.7930,155.0703
3,s,0.3922|0.7098|0.9647,2.142859935760498,179.3125,157.2500
3,s,0.3922|0.7098|0.9647,2.142859935760498,178.8320,159.3789
3,s,0.3922|0.7098|0.9647,2.142859935760498,178.3516,161.4570
3,s,0.3922|0.7098|0.9647,2.142859935760498,177.8750,163.4883
3,s,0.3922|0.7098|0.9647,2.142859935760498,177.3945,165.4648
3,s,0.3922|0.7098|0.9647,2.142859935760498,176.9141,167.3906
3,s,0.3922|0.7098|0.9647,2.142859935760498,176.4375,169.2617
3,s,0.3922|0.7098|0.9647,2.142859935760498,175.9609,171.0859
3,s,0.3922|0.7098|0.9647,2.142859935760498,175.4844,172.8555
3,s,0.3922|0.7098|0.9647,2.142859935760498,175.0078,174.5703
3,s,0.3922|0.7098|0.9647,2.142859935760498,174.5312,176.2383
3,s,0.3922|0.7098|0.9647,2.142859935760498,174.0547,177.8516
3,s,0.3922|0.7098|0.9647,2.142859935760498,173.5781,179.4180
3,s,0.3922|0.7098|0.9647,2.142859935760498,173.1055,180.9336
3,s,0.3922|0.7098|0.9647,2.142859935760498,172.6328,182.3984
3,s,0.3922|0.7098|0.9647,2.142859935760498,172.1562,183.8164
3,s,0.3922|0.7098|0.9647,2.142859935760498,171.6836,185.1875
3,s,0.3922|0.7098|0.9647,2.142859935760498,171.2109,186.5117
3,s,0.3922|0.7098|0.9647,2.142859935760498,170.7383,187.7891
3,s,0.3922|0.7098|0.9647,2.142859935760498,170.2695,189.0234
3,s,0.3922|0.7098|0.9647,2.142859935760498,169.7969,190.2148
3,s,0.3922|0.7098|0.9647,2.142859935760498,169.3281,191.3594
3,s,0.3922|0.7098|0.9647,2.142859935760498,168.8555,192.4688
3,s,0.3922|0.7098|0.9647,2.142859935760498,168.3867,193.5352
3,s,0.3922|0.7098|0.9647,2.142859935760498,167.9180,194.5664
3,s,0.3922|0.7098|0.9647,2.142859935760498,167.4492,195.5547
3,s,0.3922|0.7098|0.9647,2.142859935760498,166.9805,196.5117
3,s,0.3922|0.7098|0.9647,2.142859935760498,166.5117,197.4336
3,s,0.3922|0.7098|0.9647,2.142859935760498,166.0469,198.3164
3,s,0.3922|0.7098|0.9647,2.142859935760498,165.5781,199.1719
3,s,0.3922|0.7098|0.9647,2.142859935760498,165.1133,199.9922
3,s,0.3922|0.7098|0.9647,2.142859935760498,164.6484,200.7812
3,s,0.3922|0.7098|0.9647,2.142859935760498,164.1836,201.5430
3,s,0.3922|0.7098|0.9647,2.142859935760498,163.7188,202.2734
3,s,0.3922|0.7098|0.9647,2.142859935760498,163.2539,202.9805
3,s,0.3922|0.7098|0.9647,2.142859935760498,162.7891,203.6562
3,s,0.3922|0.7098|0.9647,2.142859935760498,162.3242,204.3047
3,s,0.3922|0.7098|0.9647,2.142859935760498,161.8633,204.9336
3,s,0.3922|0.7098|0.9647,2.142859935760498,161.4023,205.5312
3,s,0.3922|0.7098|0.9647,2.142859935760498,160.9375,206.1094
3,s,0.3922|0.7098|0.9647,2.142859935760498,160.4766,206.6602
3,s,0.3922|0.7098|0.9647,2.142859935760498,160.0156,207.1914
3,s,0.3922|0.7098|0.9647,2.142859935760498,159.5547,207.6992
3,s,0.3922|0.7098|0.9647,2.142859935760498,159.0977,208.1836
3,s,0.3922|0.7098|0.9647,2.142859935760498,158.6367,208.6484
3,s,0.3922|0.7098|0.9647,2.142859935760498,158.1758,209.0898
3,s,0.3922|0.7098|0.9647,2.142859935760498,157.7188,209.5078
3,s,0.3922|0.7098|0.9647,2.142859935760498,157.2617,209.9102
3,s,0.3922|0.7098|0.9647,2.142859935760498,156.8047,210.2852
3,s,0.3922|0.7098|0.9647,2.142859935760498,156.3438,210.6445
3,s,0.3922|0.7098|0.9647,2.142859935760498,155.8906,210.9805
3,s,0.3922|0.7098|0.9647,2.142859935760498,155.4336,211.2969
3,s,0.3922|0.7098|0.9647,2.142859935760498,154.9766,211.5898
3,s,0.3922|0.7098|0.9647,2.142859935760498,154.5234,211.8672
3,s,0.3922|0.7098|0.9647,2.142859935760498,154.0664,212.1172
3,s,0.3922|0.7098|0.9647,2.142859935760498,153.6133,212.3477
3,s,0.3922|0.7098|0.9647,2.142859935760498,153.1602,212.5586
3,s,0.3922|0.7098|0.9647,2.142859935760498,152.7031,212.7500
3,s,0.3922|0.7098|0.9647,2.142859935760498,152.2500,212.9141
3,s,0.3922|0.7098|0.9647,2.142859935760498,151.8008,213.0586
3,s,0.3922|0.7098|0.9647,2.142859935760498,151.3477,213.1836
3,s,0.3922|0.7098|0.9647,2.142859935760498,150.8945,213.2852
3,s,0.3922|0.7098|0.9647,2.142859935760498,150.4453,213.3594
3,s,0.3922|0.7098|0.9647,2.142859935760498,149.9922,213.4180
3,s,0.3922|0.7098|0.9647,2.142859935760498,149.5430,213.4492
3,s,0.3922|0.7098|0.9647,2.142859935760498,149.0938,213.4570
3,s,0.3922|0.7098|0.9647,2.142859935760498,148.6445,213.4414
3,s,0.3922|0.7098|0.9647,2.142859935760498,148.1953,213.4062
3,s,0.3922|0.7098|0.9647,2.142859935760498,147.7461,213.3438
3,s,0.3922|0.7098|0.9647,2.142859935760498,147.3008,213.2578
3,s,0.3922|0.7098|0.9647,2.142859935760498,146.8516,213.1523
3,s,0.3922|0.7098|0.9647,2.142859935760498,146.4062,213.0195
3,s,0.3922|0.7098|0.9647,2.142859935760498,145.9570,212.8633
3,s,0.3922|0.7098|0.9647,2.142859935760498,145.5117,212.6836
3,s,0.3922|0.7098|0.9647,2.142859935760498,145.0664,212.4805
3,s,0.3922|0.7098|0.9647,2.142859935760498,144.6211,212.2539
3,s,0.3922|0.7098|0.9647,2.142859935760498,144.1758,212.0039
3,s,0.3922|0.7098|0.9647,2.142859935760498,143.7305,211.7305
3,s,0.3922|0.7098|0.9647,2.142859935760498,143.2891,211.4336
3,s,0.3922|0.7098|0.9647,2.142859935760498,142.8438,211.1133
3,s,0.3922|0.7098|0.9647,2.142859935760498,142.4023,210.7734
3,s,0.3922|0.7098|0.9647,2.142859935760498,141.9570,210.4102
3,s,0.3922|0.7098|0.9647,2.142859935760498,141.5156,210.0234
3,s,0.3922|0.7098|0.9647,2.142859935760498,141.0742,209.6172
3,s,0.3922|0.7098|0.9647,2.142859935760498,140.6328,209.1914
3,s,0.3922|0.7098|0.9647,2.142859935760498,140.1914,208.7422
3,s,0.3922|0.7098|0.9647,2.142859935760498,139.7539,208.2773
3,s,0.3922|0.7098|0.9647,2.142859935760498,139.3125,207.7891
3,s,0.3922|0.7098|0.9647,2.142859935760498,138.8750,207.2852
3,s,0.3922|0.7098|0.9647,2.142859935760498,138.4336,206.7617
3,s,0.3922|0.7098|0.9647,2.142859935760498,137.9961,206.2227
3,s,0.3922|0.7098|0.9647,2.142859935760498,137.5586,205.6680
3,s,0.3922|0.7098|0.9647,2.142859935760498,137.1211,205.0938
3,s,0.3922|0.7098|0.9647,2.142859935760498,136.6836,204.5078
3,s,0.3922|0.7098|0.9647,2.142859935760498,136.2461,203.9062
3,s,0.3922|0.7098|0.9647,2.142859935760498,135.8086,203.2891
3,s,0.3922|0.7098|0.9647,2.142859935760498,135.3750,202.6641
3,s,0.3922|0.7098|0.9647,2.142859935760498,134.9375,202.0234
3,s,0.3922|0.7098|0.9647,2.142859935760498,134.5039,201.3711
3,s,0.3922|0.7098|0.9647,2.142859935760498,134.0703,200.7070
3,s,0.3922|0.7098|0.9647,2.142859935760498,133.6328,200.0352
3,s,0.3922|0.7098|0.9647,2.142859935760498,133.1992,199.3555
3,s,0.3922|0.7098|0.9647,2.142859935760498,132.7656,198.6680
3,s,0.3922|0.7098|0.9647,2.142859935760498,132.3359,197.9688
3,s,0.3922|0.7098|0.9647,2.142859935760498,131.9023,197.2656
3,s,0.3922|0.7098|0.9647,2.142859935760498,131.4688,196.5586
3,s,0.3922|0.7098|0.9647,2.142859935760498,131.0391,195.8438
3,s,0.3922|0.7098|0.9647,2.142859935760498,130.6055,195.1250
3,s,0.3922|0.7098|0.9647,2.142859935760498,130.1758,194.4023
3,s,0.3922|0.7098|0.9647,2.142859935760498,129.7461,193.6758
3,s,0.3922|0.7098|0.9647,2.142859935760498,129.3164,192.9453
3,s,0.3922|0.7098|0.9647,2.142859935760498,128.8867,192.2148
3,s,0.3922|0.7098|0.9647,2.142859935760498,128.4570,191.4844
3,s,0.3922|0.7098|0.9647,2.142859935760498,128.0273,190.7500
3,s,0.3922|0.7098|0.9647,2.142859935760498,127.6016,190.0156
3,s,0.3922|0.7098|0.9647,2.142859935760498,127.1719,189.2812
3,s,0.3922|0.7098|0.9647,2.142859935760498,126.7461,188.5469
3,s,0.3922|0.7098|0.9647,2.142859935760498,126.3203,187.8164
3,s,0.3922|0.7098|0.9647,2.142859935760498,125.8906,187.0820
3,s,0.3922|0.7098|0.9647,2.142859935760498,125.4648,186.3555
3,s,0.3922|0.7098|0.9647,2.142859935760498,125.0391,185.6250
3,s,0.3922|0.7098|0.9647,2.142859935760498,124.6172,184.9023
3,s,0.3922|0.7098|0.9647,2.142859935760498,124.1914,184.1758
3,s,0.3922|0.7098|0.9647,2.142859935760498,123.7656,183.4570
3,s,0.3922|0.7098|0.9647,2.142859935760498,123.3438,182.7383
3,s,0.3922|0.7098|0.9647,2.142859935760498,122.9180,182.0234
3,s,0.3922|0.7098|0.9647,2.142859935760498,122.4961,181.3125
3,s,0.3922|0.7098|0.9647,2.142859935760498,122.0742,180.6055
3,s,0.3922|0.7098|0.9647,2.142859935760498,121.6523,179.8984
3,s,0.3922|0.7098|0.9647,2.142859935760498,121.2305,179.1992
3,s,0.3922|0.7098|0.9647,2.142859935760498,120.8086,178.5000
3,s,0.3922|0.7098|0.9647,2.142859935760498,120.3867,177.8047
3,s,0.3922|0.7098|0.9647,2.142859935760498,119.9648,177.1133
3,s,0.3922|0.7098|0.9647,2.142859935760498,119.5469,176.4258
3,s,0.3922|0.7098|0.9647,2.142859935760498,119.1250,175.7422
3,s,0.3922|0.7098|0.9647,2.142859935760498,118.7070,175.0586
3,s,0.3922|0.7098|0.9647,2.142859935760498,118.2891,174.3789
3,s,0.3922|0.7098|0.9647,2.142859935760498,117.8672,173.7070
3,s,0.3922|0.7098|0.9647,2.142859935760498,117.4492,173.0312
3,s,0.3922|0.7098|0.9647,2.142859935760498,117.0312,172.3633
3,s,0.3922|0.7098|0.9647,2.142859935760498,116.6172,171.6953
3,s,0.3922|0.7098|0.9647,2.142859935760498,116.1992,171.0312
3,s,0.3922|0.7098|0.9647,2.142859935760498,115.7812,170.3711
3,s,0.3922|0.7098|0.9647,2.142859935760498,115.3672,169.7109
3,s,0.3922|0.7098|0.9647,2.142859935760498,114.9492,169.0547
3,s,0.3922|0.7098|0.9647,2.142859935760498,114.5352,168.4023
3,s,0.3922|0.7098|0.9647,2.142859935760498,114.1211,167.7500
3,s,0.3922|0.7098|0.9647,2.142859935760498,113.7070,167.0977
3,s,0.3922|0.7098|0.9647,2.142859935760498,113.2930,166.4492
3,s,0.3922|0.7098|0.9647,2.142859935760498,112.8789,165.8047
3,s,0.3922|0.7098|0.9647,2.142859935760498,112.4648,165.1602
3,s,0.3922|0.7098|0.9647,2.142859935760498,112.0508,164.5195
3,s,0.3922|0.7098|0.9647,2.142859935760498,111.6406,163.8789
3,s,0.3922|0.7098|0.9647,2.142859935760498,111.2266,163.2383
3,s,0.3922|0.7098|0.9647,2.142859935760498,110.8164,162.6016
3,s,0.3922|0.7098|0.9647,2.142859935760498,110.4023,161.9688
3,s,0.3922|0.7098|0.9647,2.142859935760498,109.9922,161.3359
3,s,0.3922|0.7098|0.9647,2.142859935760498,109.5820,160.7031
3,s,0.3922|0.7098|0.9647,2.142859935760498,109.1719,160.0742
3,s,0.3922|0.7098|0.9647,2.142859935760498,108.7617,159.4492
3,s,0.3922|0.7098|0.9647,2.142859935760498,108.3555,158.8242
3,s,0.3922|0.7098|0.9647,2.142859935760498,107.9453,158.1992
3,s,0.3922|0.7098|0.9647,2.142859935760498,107.5352,157.5820
3,s,0.3922|0.7098|0.9647,2.142859935760498,107.1289,156.9609
3,s,0.3922|0.7098|0.9647,2.142859935760498,106.7188,156.3477
3,s,0.3922|0.7098|0.9647,2.142859935760498,106.3125,155.7344
3,s,0.3922|0.7098|0.9647,2.142859935760498,105.9062,155.1250
3,s,0.3922|0.7098|0.9647,2.142859935760498,105.5000,154.5195
3,s,0.3922|0.7098|0.9647,2.142859935760498,105.0938,153.9141
3,s,0.3922|0.7098|0.9647,2.142859935760498,104.6875,153.3125
3,s,0.3922|0.7098|0.9647,2.142859935760498,104.2812,152.7148
3,s,0.3922|0.7098|0.9647,2.142859935760498,103.8789,152.1250
3,s,0.3922|0.7098|0.9647,2.142859935760498,103.4727,151.5352
3,s,0.3922|0.7098|0.9647,2.142859935760498,103.0703,150.9492
3,s,0.3922|0.7098|0.9647,2.142859935760498,102.6641,150.3672
3,s,0.3922|0.7098|0.9647,2.142859935760498,102.2617,149.7891
3,s,0.3922|0.7098|0.9647,2.142859935760498,101.8594,149.2188
3,s,0.3922|0.7098|0.9647,2.142859935760498,101.4570,148.6484
3,s,0.3922|0.7098|0.9647,2.142859935760498,101.0547,148.0859
3,s,0.3922|0.7098|0.9647,2.142859935760498,100.6523,147.5273
3,s,0.3922|0.7098|0.9647,2.142859935760498,100.2500,146.9766
3,s,0.3922|0.7098|0.9647,2.142859935760498,99.8477,146.4258
3,s,0.3922|0.7098|0.9647,2.142859935760498,99.4492,145.8867
3,s,0.3922|0.7098|0.9647,2.142859935760498,99.0469,145.3477
3,s,0.3922|0.7098|0.9647,2.142859935760498,98.6484,144.8164
3,s,0.3922|0.7098|0.9647,2.142859935760498,98.2500,144.2930
3,s,0.3922|0.7098|0.9647,2.142859935760498,97.8516,143.7695
3,s,0.3922|0.7098|0.9647,2.142859935760498,97.4492,143.2578
3,s,0.3922|0.7098|0.9647,2.142859935760498,97.0508,142.7500
3,s,0.3922|0.7098|0.9647,2.142859935760498,96.6562,142.2461
3,s,0.3922|0.7098|0.9647,2.142859935760498,96.2578,141.7500
3,s,0.3922|0.7098|0.9647,2.142859935760498,95.8594,141.2578
3,s,0.3922|0.7098|0.9647,2.142859935760498,95.4648,140.7734
3,s,0.3922|0.7098|0.9647,2.142859935760498,95.0664,140.2930
3,s,0.3922|0.7098|0.9647,2.142859935760498,94.6719,139.8203
3,s,0.3922|0.7098|0.9647,2.142859935760498,94.2734,139.3516
3,s,0.3922|0.7098|0.9647,2.142859935760498,93.8789,138.8906
3,s,0.3922|0.7098|0.9647,2.142859935760498,93.4844,138.4336
3,s,0.3922|0.7098|0.9647,2.142859935760498,93.0898,137.9805
3,s,0.3922|0.7098|0.9647,2.142859935760498,92.6953,137.5352
3,s,0.3922|0.7098|0.9647,2.142859935760498,92.3008,137.0938
3,s,0.3922|0.7098|0.9647,2.142859935760498,91.9102,136.6562
3,s,0.3922|0.7098|0.9647,2.142859935760498,91.5156,136.2266
3,s,0.3922|0.7098|0.9647,2.142859935760498,91.1211,135.8008
3,s,0.3922|0.7098|0.9647,2.142859935760498,90.7305,135.3750
3,s,0.3922|0.7098|0.9647,2.142859935760498,90.3398,134.9609
3,s,0.3922|0.7098|0.9647,2.142859935760498,89.9453,134.5469
3,s,0.3922|0.7098|0.9647,2.142859935760498,89.5547,134.1367
3,s,0.3922|0.7098|0.9647,2.142859935760498,89.1641,133.7305
3,s,0.3922|0.7098|0.9647,2.142859935760498,88.7734,133.3281
3,s,0.3922|0.7098|0.9647,2.142859935760498,88.3828,132.9297
3,s,0.3922|0.7098|0.9647,2.142859935760498,87.9922,132.5352
3,s,0.3922|0.7098|0.9647,2.142859935760498,87.6055,132.1445
3,s,0.3922|0.7098|0.9647,2.142859935760498,87.2148,131.7539
3,s,0.3922|0.7098|0.9647,2.142859935760498,86.8281,131.3672
3,s,0.3922|0.7098|0.9647,2.142859935760498,86.4375,130.9844
3,s,0.3922|0.7098|0.9647,2.142859935760498,86.0508,130.6055
3,s,0.3922|0.7098|0.9647,2.142859935760498,85.6641,130.2266
3,s,0.3922|0.7098|0.9647,2.142859935760498,85.2773,129.8516
3,s,0.3922|0.7098|0.9647,2.142859935760498,84.8906,129.4805
3,s,0.3922|0.7098|0.9647,2.142859935760498,84.5039,129.1094
3,s,0.3922|0.7098|0.9647,2.142859935760498,84.1172,128.7383
3,s,0.3922|0.7098|0.9647,2.142859935760498,83.7305,128.3711
3,s,0.3922|0.7098|0.9647,2.142859935760498,83.3438,128.0078
3,s,0.3922|0.7098|0.9647,2.142859935760498,82.9609,127.6484
3,s,0.3922|0.7098|0.9647,2.142859935760498,82.5742,127.2852
3,s,0.3922|0.7098|0.9647,2.142859935760498,82.1914,126.9297
3,s,0.3922|0.7098|0.9647,2.142859935760498,81.8086,126.5742
3,s,0.3922|0.7098|0.9647,2.142859935760498,81.4258,126.2227
3,s,0.3922|0.7098|0.9647,2.142859935760498,81.0391,125.8711
3,s,0.3922|0.7098|0.9647,2.142859935760498,80.6562,125.5234
3,s,0.3922|0.7098|0.9647,2.142859935760498,80.2773,125.1797
3,s,0.3922|0.7098|0.9647,2.142859935760498,79.8945,124.8359
3,s,0.3922|0.7098|0.9647,2.142859935760498,79.5117,124.5000
3,s,0.3922|0.7098|0.9647,2.142859935760498,79.1289,124.1641
3,s,0.3922|0.7098|0.9647,2.142859935760498,78.7500,123.8320
3,s,0.3922|0.7098|0.9647,2.142859935760498,78.3672,123.5039
3,s,0.3922|0.7098|0.9647,2.142859935760498,77.9883,123.1797
3,s,0.3922|0.7098|0.9647,2.142859935760498,77.6094,122.8594
3,s,0.3922|0.7098|0.9647,2.142859935760498,77.2305,122.5469
3,s,0.3922|0.7098|0.9647,2.142859935760498,76.8477,122.2383
3,s,0.3922|0.7098|0.9647,2.142859935760498,76.4688,121.9336
3,s,0.3922|0.7098|0.9647,2.142859935760498,76.0938,121.6328
3,s,0.3922|0.7098|0.9647,2.142859935760498,75.7148,121.3438
3,s,0.3922|0.7098|0.9647,2.142859935760498,75.3359,121.0586
3,s,0.3922|0.7098|0.9647,2.142859935760498,74.9570,120.7773
3,s,0.3922|0.7098|0.9647,2.142859935760498,74.5820,120.5078
3,s,0.3922|0.7098|0.9647,2.142859935760498,74.2031,120.2422
3,s,0.3922|0.7098|0.9647,2.142859935760498,73.8281,119.9844
3,s,0.3922|0.7098|0.9647,2.142859935760498,73.4531,119.7383
3,s,0.3922|0.7098|0.9647,2.142859935760498,73.0742,119.5000
3,s,0.3922|0.7098|0.9647,2.142859935760498,72.6992,119.2695
3,s,0.3922|0.7098|0.9647,2.142859935760498,72.3242,119.0508
3,s,0.3922|0.7098|0.9647,2.142859935760498,71.9492,118.8398
3,s,0.3922|0.7098|0.9647,2.142859935760498,71.5781,118.6406
3,s,0.3922|0.7098|0.9647,2.142859935760498,71.2031,118.4531
3,s,0.3922|0.7098|0.9647,2.142859935760498,70.8281,118.2734
3,s,0.3922|0.7098|0.9647,2.142859935760498,70.4570,118.1094
3,s,0.3922|0.7098|0.9647,2.142859935760498,70.0820,117.9531
3,s,0.3922|0.7098|0.9647,2.142859935760498,69.7109,117.8125
3,s,0.3922|0.7098|0.9647,2.142859935760498,69.3359,117.6836
3,s,0.3922|0.7098|0.9647,2.142859935760498,68.9648,117.5664
3,s,0.3922|0.7098|0.9647,2.142859935760498,68.5938,117.4609
3,s,0.3922|0.7098|0.9647,2.142859935760498,68.2227,117.3711
3,s,0.3922|0.7098|0.9647,2.142859935760498,67.8516,117.2969
3,s,0.3922|0.7098|0.9647,2.142859935760498,67.4805,117.2305
3,s,0.3922|0.7098|0.9647,2.142859935760498,67.1094,117.1836
3,s,0.3922|0.7098|0.9647,2.142859935760498,66.7422,117.1484
3,s,0.3922|0.7098|0.9647,2.142859935760498,66.3711,117.1289
3,s,0.3922|0.7098|0.9647,2.142859935760498,66.0039,117.1250
3,s,0.3922|0.7098|0.9647,2.142859935760498,65.6328,117.1328
3,s,0.3922|0.7098|0.9647,2.142859935760498,65.2656,117.1602
3,s,0.3922|0.7098|0.9647,2.142859935760498,64.8984,117.1992
3,s,0.3922|0.7098|0.9647,2.142859935760498,64.5273,117.2539
3,s,0.3922|0.7098|0.9647,2.142859935760498,64.1602,117.3242
3,s,0.3922|0.7098|0.9647,2.142859935760498,63.7930,117.4062
3,s,0.3922|0.7098|0.9647,2.142859935760498,63.4258,117.5078
3,s,0.3922|0.7098|0.9647,2.142859935760498,63.0625,117.6250
3,s,0.3922|0.7098|0.9647,2.142859935760498,62.6953,117.7539
3,s,0.3922|0.7098|0.9647,2.142859935760498,62.3281,117.8984
3,s,0.3922|0.7098|0.9647,2.142859935760498,61.9648,118.0586
3,s,0.3922|0.7098|0.9647,2.142859935760498,61.5977,118.2344
4,s,0.3922|0.7098|0.9647,2.142859935760498,61.5977,118.2344
4,s,0.3922|0.7098|0.9647,2.142859935760498,61.2344,118.4258
4,s,0.3922|0.7098|0.9647,2.142859935760498,60.8672,118.6289
4,s,0.3922|0.7098|0.9647,2.142859935760498,60.5039,118.8516
4,s,0.3922|0.7098|0.9647,2.142859935760498,60.1406,119.0820
4,s,0.3922|0.7098|0.9647,2.142859935760498,59.7773,119.3320
4,s,0.3922|0.7098|0.9647,2.142859935760498,59.4141,119.5938
4,s,0.3922|0.7098|0.9647,2.142859935760498,59.0508,119.8711
4,s,0.3922|0.7098|0.9647,2.142859935760498,58.6875,120.1602
4,s,0.3922|0.7098|0.9647,2.142859935760498,58.3281,120.4648
4,s,0.3922|0.7098|0.9647,2.142859935760498,57.9648,120.7812
4,s,0.3922|0.7098|0.9647,2.142859935760498,57.6055,121.1094
4,s,0.3922|0.7098|0.9647,2.142859935760498,57.2422,121.4531
4,s,0.3922|0.7098|0.9647,2.142859935760498,56.8828,121.8086
4,s,0.3922|0.7098|0.9647,2.142859935760498,56.5195,122.1758
4,s,0.3922|0.7098|0.9647,2.142859935760498,56.1602,122.5547
4,s,0.3922|0.7098|0.9647,2.142859935760498,55.8008,122.9492
4,s,0.3922|0.7098|0.9647,2.142859935760498,55.4414,123.3516
4,s,0.3922|0.7098|0.9647,2.142859935760498,55.0820,123.7695
4,s,0.3922|0.7098|0.9647,2.142859935760498,54.7227,124.1953
4,s,0.3922|0.7098|0.9647,2.142859935760498,54.3633,124.6328
4,s,0.3922|0.7098|0.9647,2.142859935760498,54.0078,125.0859
4,s,0.3922|0.7098|0.9647,2.142859935760498,53.6484,125.5469
4,s,0.3922|0.7098|0.9647,2.142859935760498,53.2930,126.0156
4,s,0.3922|0.7098|0.9647,2.142859935760498,52.9336,126.5000
4,s,0.3922|0.7098|0.9647,2.142859935760498,52.5781,126.9922
4,s,0.3922|0.7098|0.9647,2.142859935760498,52.2188,127.4922
4,s,0.3922|0.7098|0.9647,2.142859935760498,51.8633,128.0039
4,s,0.3922|0.7098|0.9647,2.142859935760498,51.5078,128.5273
4,s,0.3922|0.7098|0.9647,2.142859935760498,51.1523,129.0586
4,s,0.3922|0.7098|0.9647,2.142859935760498,50.7969,129.6016
4,s,0.3922|0.7098|0.9647,2.142859935760498,50.4414,130.1523
4,s,0.3922|0.7098|0.9647,2.142859935760498,50.0859,130.7148
4,s,0.3922|0.7098|0.9647,2.142859935760498,49.7344,131.2852
4,s,0.3922|0.7098|0.9647,2.142859935760498,49.3789,131.8672
4,s,0.3922|0.7098|0.9647,2.142859935760498,49.0273,132.4531
4,s,0.3922|0.7098|0.9647,2.142859935760498,48.6719,133.0547
4,s,0.3922|0.7098|0.9647,2.142859935760498,48.3203,133.6602
4,s,0.3922|0.7098|0.9647,2.142859935760498,47.9648,134.2773
4,s,0.3922|0.7098|0.9647,2.142859935760498,47.6133,134.9023
4,s,0.3922|0.7098|0.9647,2.142859935760498,47.2617,135.5391
4,s,0.3922|0.7098|0.9647,2.142859935760498,46.9102,136.1797
4,s,0.3922|0.7098|0.9647,2.142859935760498,46.5586,136.8320
4,s,0.3922|0.7098|0.9647,2.142859935760498,46.2070,137.4961
4,s,0.3922|0.7098|0.9647,2.142859935760498,45.8555,138.1641
4,s,0.3922|0.7098|0.9647,2.142859935760498,45.5078,138.8438
4,s,0.3922|0.7098|0.9647,2.142859935760498,45.1562,139.5312
4,s,0.3922|0.7098|0.9647,2.142859935760498,44.8047,140.2266
4,s,0.3922|0.7098|0.9647,2.142859935760498,44.4570,140.9336
4,s,0.3922|0.7098|0.9647,2.142859935760498,44.1055,141.6484
4,s,0.3922|0.7098|0.9647,2.142859935760498,43.7578,142.3711
4,s,0.3922|0.7098|0.9647,2.142859935760498,43.4102,143.1016
4,s,0.3922|0.7098|0.9647,2.142859935760498,43.0625,143.8398
4,s,0.3922|0.7098|0.9647,2.142859935760498,42.7109,144.5898
4,s,0.3922|0.7098|0.9647,2.142859935760498,42.3633,145.3477
4,s,0.3922|0.7098|0.9647,2.142859935760498,42.0195,146.1133
4,s,0.3922|0.7098|0.9647,2.142859935760498,41.6719,146.8867
4,s,0.3922|0.7098|0.9647,2.142859935760498,41.3242,147.6680
4,s,0.3922|0.7098|0.9647,2.142859935760498,40.9766,148.4570
4,s,0.3922|0.7098|0.9647,2.142859935760498,40.6328,149.2539
4,s,0.3922|0.7098|0.9647,2.142859935760498,40.2852,150.0625
4,s,0.3922|0.7098|0.9647,2.142859935760498,39.9414,150.8750
4,s,0.3922|0.7098|0.9647,2.142859935760498,39.5938,151.6953
4,s,0.3922|0.7098|0.9647,2.142859935760498,39.2500,152.5234
4,s,0.3922|0.7098|0.9647,2.142859935760498,38.9062,153.3594
4,s,0.3922|0.7098|0.9647,2.142859935760498,38.5586,154.2031
5,s,0.0000|0.0000|0.0000,0.7142860293388367,38.5586,383.3984
5,s,0.0000|0.0000|0.0000,0.7142860293388367,38.5586,19.5508
5,s,0.0000|0.0000|0.0000,0.7142860293388367,38.5586,383.3984
6,f,,,28.5300,385.4000
6,f,,,26.7300,384.3600
6,f,,,26.0800,381.3700
6,f,,,26.7300,378.4200
6,f,,,28.5300,377.4000
6,f,,,30.3400,378.4200
6,f,,,30.9900,381.3700
6,f,,,30.3400,384.3600
6,f,,,28.5300,385.4000
6,f,,,29.1400,384.2300
6,f,,,29.6100,383.6800
6,f,,,29.9200,382.7400
6,f,,,30.0200,381.3800
6,f,,,29.9200,380.0200
6,f,,,29.6100,379.1000
6,f,,,29.1400,378.5700
6,f,,,28.5300,378.4000
6,f,,,27.9300,378.5700
6,f,,,27.4500,379.1000
6,f,,,27.1400,380.0200
6,f,,,27.0300,381.3800
6,f,,,27.4500,383.6800
6,f,,,28.5300,384.4000
7,s,0.0000|0.0000|0.0000,0.7142860293388367,33.5547,350.3203
7,s,0.0000|0.0000|0.0000,0.7142860293388367,38.5586,350.3203
8,f,,,14.0300,351.5900
8,f,,,15.5700,350.0600
8,f,,,16.6900,348.8000
8,f,,,17.3900,347.7300
8,f,,,17.6300,346.7900
8,f,,,17.2700,345.7300
8,f,,,16.1700,345.3200
8,f,,,15.2800,345.5900
8,f,,,14.5500,346.2400
8,f,,,13.9900,345.6800
8,f,,,15.0000,344.7200
8,f,,,16.3000,344.3200
8,f,,,17.9800,344.9400
8,f,,,18.6000,346.6000
8,f,,,18.3600,347.6900
8,f,,,17.7100,348.8300
8,f,,,16.7300,350.0500
8,f,,,15.4700,351.4000
8,f,,,16.1200,351.3400
8,f,,,16.7500,351.3200
8,f,,,18.9700,351.3200
8,f,,,18.9700,352.3200
8,f,,,14.0300,352.3200
8,f,,,14.0300,351.5900
8,f,,,20.7300,351.2800
8,f,,,20.0800,348.2900
8,f,,,20.7300,345.3400
8,f,,,22.5300,344.3200
8,f,,,24.3400,345.3400
8,f,,,24.9900,348.2900
8,f,,,24.3400,351.2800
8,f,,,22.5300,352.3200
8,f,,,23.1400,351.1500
8,f,,,23.6100,350.6000
8,f,,,23.9200,349.6600
8,f,,,24.0200,348.3000
8,f,,,23.9200,346.9400
8,f,,,23.6100,346.0200
8,f,,,23.1400,345.4900
8,f,,,22.5300,345.3200
8,f,,,21.9300,345.4900
8,f,,,21.4500,346.0200
8,f,,,21.1400,346.9400
8,f,,,21.0300,348.3000
8,f,,,21.4500,350.6000
8,f,,,22.5300,351.3200
8,f,,,26.7300,351.2800
8,f,,,26.0800,348.2900
8,f,,,26.7300,345.3400
8,f,,,28.5300,344.3200
8,f,,,30.3400,345.3400
8,f,,,30.9900,348.2900
8,f,,,30.3400,351.2800
8,f,,,28.5300,352.3200
8,f,,,29.1400,351.1500
8,f,,,29.6100,350.6000
8,f,,,29.9200,349.6600
8,f,,,30.0200,348.3000
8,f,,,29.9200,346.9400
8,f,,,29.6100,346.0200
8,f,,,29.1400,345.4900
8,f,,,28.5300,345.3200
8,f,,,27.9300,345.4900
8,f,,,27.4500,346.0200
8,f,,,27.1400,346.9400
8,f,,,27.0300,348.3000
8,f,,,27.4500,350.6000
8,f,,,28.5300,351.3200
9,s,0.0000|0.0000|0.0000,0.7142860293388367,33.5547,317.2422
9,s,0.0000|0.0000|0.0000,0.7142860293388367,38.5586,317.2422
10,f,,,17.1900,316.2400
10,f,,,17.1900,313.8300
10,f,,,17.2100,313.0400
10,f,,,17.2500,312.2400
10,f,,,17.2100,312.2400
10,f,,,16.9100,312.8300
10,f,,,16.5800,313.4100
10,f,,,14.8000,316.2400
10,f,,,17.1900,316.2400
10,f,,,18.1300,317.2400
10,f,,,18.1300,319.2400
10,f,,,17.1900,319.2400
10,f,,,17.1900,317.2400
10,f,,,13.7500,317.2400
10,f,,,13.7500,316.3800
10,f,,,17.0300,311.2400
10,f,,,18.1300,311.2400
10,f,,,18.1300,316.2400
10,f,,,19.1700,316.2400
10,f,,,19.1700,317.2400
10,f,,,20.7300,318.2000
10,f,,,20.0800,315.2100
10,f,,,20.7300,312.2600
10,f,,,22.5300,311.2400
10,f,,,24.3400,312.2600
10,f,,,24.9900,315.2100
10,f,,,24.3400,318.2000
10,f,,,22.5300,319.2400
10,f,,,23.1400,318.0700
10,f,,,23.6100,317.5200
10,f,,,23.9200,316.5800
10,f,,,24.0200,315.2200
10,f,,,23.9200,313.8600
10,f,,,23.6100,312.9400
10,f,,,23.1400,312.4100
10,f,,,22.5300,312.2400
10,f,,,21.9300,312.4100
10,f,,,21.4500,312.9400
10,f,,,21.1400,313.8600
10,f,,,21.0300,315.2200
10,f,,,21.4500,317.5200
10,f,,,22.5300,318.2400
10,f,,,26.7300,318.2000
10,f,,,26.0800,315.2100
10,f,,,26.7300,312.2600
10,f,,,28.5300,311.2400
10,f,,,30.3400,312.2600
10,f,,,30.9900,315.2100
10,f,,,30.3400,318.2000
10,f,,,28.5300,319.2400
10,f,,,29.1400,318.0700
10,f,,,29.6100,317.5200
10,f,,,29.9200,316.5800
10,f,,,30.0200,315.2200
10,f,,,29.9200,313.8600
10,f,,,29.6100,312.9400
10,f,,,29.1400,312.4100
10,f,,,28.5300,312.2400
10,f,,,27.9300,312.4100
10,f,,,27.4500,312.9400
10,f,,,27.1400,313.8600
10,f,,,27.0300,315.2200
10,f,,,27.4500,317.5200
10,f,,,28.5300,318.2400
11,s,0.0000|0.0000|0.0000,0.7142860293388367,33.5547,284.1641
11,s,0.0000|0.0000|0.0000,0.7142860293388367,38.5586,284.1641
12,f,,,16.7700,285.1700
12,f,,,17.2900,285.0600
12,f,,,17.7100,284.7500
12,f,,,18.0000,284.2700
12,f,,,18.1000,283.6400
12,f,,,17.7500,282.5600
12,f,,,16.6700,282.1700
12,f,,,15.8900,282.3800
12,f,,,15.0800,283.0900
12,f,,,15.6000,284.6400
12,f,,,16.7700,285.1700
12,f,,,17.7700,279.3300
12,f,,,17.0800,279.1700
12,f,,,16.3200,279.3200
12,f,,,15.6800,279.8000
12,f,,,15.2500,280.6900
12,f,,,15.0700,282.1400
12,f,,,15.9000,281.4400
12,f,,,16.8500,281.1700
12,f,,,18.4400,281.7800
12,f,,,19.0300,283.6200
12,f,,,18.8500,284.6500
12,f,,,18.3600,285.4600
12,f,,,17.6400,285.9800
12,f,,,16.7700,286.1700
12,f,,,15.7200,285.9400
12,f,,,14.8900,285.2500
12,f,,,14.3300,284.0800
12,f,,,14.1300,282.4700
12,f,,,14.3700,280.4800
12,f,,,15.0200,279.1500
12,f,,,15.9500,278.4000
12,f,,,17.0300,278.1700
12,f,,,18.1100,278.4500
12,f,,,18.8900,279.1500
12,f,,,18.3300,279.7600
12,f,,,20.7300,285.1300
12,f,,,20.0800,282.1400
12,f,,,20.7300,279.1900
12,f,,,22.5300,278.1700
12,f,,,24.3400,279.1900
12,f,,,24.9900,282.1400
12,f,,,24.3400,285.1300
12,f,,,22.5300,286.1700
12,f,,,23.1400,285.0000
12,f,,,23.6100,284.4500
12,f,,,23.9200,283.5100
12,f,,,24.0200,282.1500
12,f,,,23.9200,280.7900
12,f,,,23.6100,279.8700
12,f,,,23.1400,279.3400
12,f,,,22.5300,279.1700
12,f,,,21.9300,279.3400
12,f,,,21.4500,279.8700
12,f,,,21.1400,280.7900
12,f,,,21.0300,282.1500
12,f,,,21.4500,284.4500
12,f,,,22.5300,285.1700
12,f,,,26.7300,285.1300
12,f,,,26.0800,282.1400
12,f,,,26.7300,279.1900
12,f,,,28.5300,278.1700
12,f,,,30.3400,279.1900
12,f,,,30.9900,282.1400
12,f,,,30.3400,285.1300
12,f,,,28.5300,286.1700
12,f,,,29.1400,285.0000
12,f,,,29.6100,284.4500
12,f,,,29.9200,283.5100
12,f,,,30.0200,282.1500
12,f,,,29.9200,280.7900
12,f,,,29.6100,279.8700
12,f,,,29.1400,279.3400
12,f,,,28.5300,279.1700
12,f,,,27.9300,279.3400
12,f,,,27.4500,279.8700
12,f,,,27.1400,280.7900
12,f,,,27.0300,282.1500
12,f,,,27.4500,284.4500
12,f,,,28.5300,285.1700
13,s,0.0000|0.0000|0.0000,0.7142860293388367,33.5547,251.0898
13,s,0.0000|0.0000|0.0000,0.7142860293388367,38.5586,251.0898
14,f,,,14.9300,250.6800
14,f,,,15.0500,251.2500
14,f,,,15.4000,251.6900
14,f,,,15.9300,251.9900
14,f,,,16.5800,252.0900
14,f,,,17.6700,251.7300
14,f,,,18.0800,250.8100
14,f,,,17.9100,250.1900
14,f,,,17.4500,249.7500
14,f,,,16.7800,249.4000
14,f,,,16.0000,249.0900
14,f,,,15.2300,249.7900
14,f,,,14.9300,250.6800
14,f,,,17.6800,247.9900
14,f,,,17.8900,247.2800
14,f,,,17.5400,246.4300
14,f,,,16.5700,246.0900
14,f,,,15.6700,246.3900
14,f,,,15.3300,247.1800
14,f,,,15.4700,247.7000
14,f,,,15.8600,248.0900
14,f,,,16.4300,248.3900
14,f,,,17.1000,248.6400
14,f,,,14.1700,249.7400
14,f,,,14.5000,249.0400
14,f,,,14.9500,248.5000
14,f,,,15.4900,248.0900
14,f,,,15.4900,248.0600
14,f,,,14.7400,247.4700
14,f,,,14.4100,246.6500
14,f,,,14.5800,246.0100
14,f,,,15.0400,245.5300
14,f,,,15.7200,245.2100
14,f,,,16.5800,245.0900
14,f,,,17.4900,245.2600
14,f,,,18.1600,245.7500
14,f,,,18.6000,246.5100
14,f,,,18.7500,247.4800
14,f,,,18.6400,248.1400
14,f,,,18.3900,248.7500
14,f,,,18.0500,249.2500
14,f,,,17.6900,249.6400
14,f,,,17.6900,249.6800
14,f,,,18.1800,249.9600
14,f,,,18.6100,250.3200
14,f,,,18.9100,250.7700
14,f,,,19.0200,251.3600
14,f,,,18.8400,252.0400
14,f,,,18.3400,252.5900
14,f,,,17.5600,252.9600
14,f,,,16.5500,253.0900
14,f,,,15.5400,252.9000
14,f,,,14.7500,252.3800
14,f,,,14.2300,251.5800
14,f,,,14.0300,250.5700
14,f,,,20.7300,252.0500
14,f,,,20.0800,249.0600
14,f,,,20.7300,246.1100
14,f,,,22.5300,245.0900
14,f,,,24.3400,246.1100
14,f,,,24.9900,249.0600
14,f,,,24.3400,252.0500
14,f,,,22.5300,253.0900
14,f,,,23.1400,251.9200
14,f,,,23.6100,251.3700
14,f,,,23.9200,250.4300
14,f,,,24.0200,249.0700
14,f,,,23.9200,247.7100
14,f,,,23.6100,246.7900
14,f,,,23.1400,246.2600
14,f,,,22.5300,246.0900
14,f,,,21.9300,246.2600
14,f,,,21.4500,246.7900
14,f,,,21.1400,247.7100
14,f,,,21.0300,249.0700
14,f,,,21.4500,251.3700
14,f,,,22.5300,252.0900
14,f,,,26.7300,252.0500
14,f,,,26.0800,249.0600
14,f,,,26.7300,246.1100
14,f,,,28.5300,245.0900
14,f,,,30.3400,246.1100
14,f,,,30.9900,249.0600
14,f,,,30.3400,252.0500
14,f,,,28.5300,253.0900
14,f,,,29.1400,251.9200
14,f,,,29.6100,251.3700
14,f,,,29.9200,250.4300
14,f,,,30.0200,249.0700
14,f,,,29.9200,247.7100
14,f,,,29.6100,246.7900
14,f,,,29.1400,246.2600
14,f,,,28.5300,246.0900
14,f,,,27.9300,246.2600
14,f,,,27.4500,246.7900
14,f,,,27.1400,247.7100
14,f,,,27.0300,249.0700
14,f,,,27.4500,251.3700
14,f,,,28.5300,252.0900
15,s,0.0000|0.0000|0.0000,0.7142860293388367,33.5547,218.0117
15,s,0.0000|0.0000|0.0000,0.7142860293388367,38.5586,218.0117
16,f,,,8.5000,219.0100
16,f,,,10.2500,219.0100
16,f,,,10.2500,214.0100
16,f,,,8.8600,214.0100
16,f,,,8.8600,213.0100
16,f,,,9.7800,212.6000
16,f,,,10.4700,212.0100
16,f,,,11.2400,212.0100
16,f,,,11.2400,219.0100
16,f,,,12.8200,219.0100
16,f,,,12.8200,220.0100
16,f,,,8.5000,220.0100
16,f,,,8.5000,219.0100
16,f,,,14.7300,218.9700
16,f,,,14.0800,215.9800
16,f,,,14.7300,213.0300
16,f,,,16.5300,212.0100
16,f,,,18.3400,213.0300
16,f,,,18.9900,215.9800
16,f,,,18.3400,218.9700
16,f,,,16.5300,220.0100
16,f,,,17.1400,218.8400
16,f,,,17.6100,218.2900
16,f,,,17.9200,217.3500
16,f,,,18.0200,215.9900
16,f,,,17.9200,214.6300
16,f,,,17.6100,213.7100
16,f,,,17.1400,213.1800
16,f,,,16.5300,213.0100
16,f,,,15.9300,213.1800
16,f,,,15.4500,213.7100
16,f,,,15.1400,214.6300
16,f,,,15.0300,215.9900
16,f,,,15.4500,218.2900
16,f,,,16.5300,219.0100
16,f,,,20.7300,218.9700
16,f,,,20.0800,215.9800
16,f,,,20.7300,213.0300
16,f,,,22.5300,212.0100
16,f,,,24.3400,213.0300
16,f,,,24.9900,215.9800
16,f,,,24.3400,218.9700
16,f,,,22.5300,220.0100
16,f,,,23.1400,218.8400
16,f,,,23.6100,218.2900
16,f,,,23.9200,217.3500
16,f,,,24.0200,215.9900
16,f,,,23.9200,214.6300
16,f,,,23.6100,213.7100
16,f,,,23.1400,213.1800
16,f,,,22.5300,213.0100
16,f,,,21.9300,213.1800
16,f,,,21.4500,213.7100
16,f,,,21.1400,214.6300
16,f,,,21.0300,215.9900
16,f,,,21.4500,218.2900
16,f,,,22.5300,219.0100
16,f,,,26.7300,218.9700
16,f,,,26.0800,215.9800
16,f,,,26.7300,213.0300
16,f,,,28.5300,212.0100
16,f,,,30.3400,213.0300
16,f,,,30.9900,215.9800
16,f,,,30.3400,218.9700
16,f,,,28.5300,220.0100
16,f,,,29.1400,218.8400
16,f,,,29.6100,218.2900
16,f,,,29.9200,217.3500
16,f,,,30.0200,215.9900
16,f,,,29.9200,214.6300
16,f,,,29.6100,213.7100
16,f,,,29.1400,213.1800
16,f,,,28.5300,213.0100
16,f,,,27.9300,213.1800
16,f,,,27.4500,213.7100
16,f,,,27.1400,214.6300
16,f,,,27.0300,215.9900
16,f,,,27.4500,218.2900
16,f,,,28.5300,219.0100
17,s,0.0000|0.0000|0.0000,0.7142860293388367,33.5547,184.9336
17,s,0.0000|0.0000|0.0000,0.7142860293388367,38.5586,184.9336
18,f,,,8.5000,185.9300
18,f,,,10.2500,185.9300
18,f,,,10.2500,180.9300
18,f,,,8.8600,180.9300
18,f,,,8.8600,179.9300
18,f,,,9.7800,179.5200
18,f,,,10.4700,178.9300
18,f,,,11.2400,178.9300
18,f,,,11.2400,185.9300
18,f,,,12.8200,185.9300
18,f,,,12.8200,186.9300
18,f,,,8.5000,186.9300
18,f,,,8.5000,185.9300
18,f,,,15.5700,184.6700
18,f,,,16.6900,183.4100
18,f,,,17.3900,182.3400
18,f,,,17.6300,181.4000
18,f,,,17.2700,180.3400
18,f,,,16.1700,179.9300
18,f,,,15.2800,180.2000
18,f,,,14.5500,180.8500
18,f,,,13.9900,180.2900
18,f,,,15.0000,179.3300
18,f,,,16.3000,178.9300
18,f,,,17.9800,179.5500
18,f,,,18.6000,181.2100
18,f,,,18.3600,182.3000
18,f,,,17.7100,183.4400
18,f,,,16.7300,184.6600
18,f,,,15.4700,186.0100
18,f,,,16.1200,185.9500
18,f,,,16.7500,185.9300
18,f,,,18.9700,185.9300
18,f,,,18.9700,186.9300
18,f,,,14.0300,186.9300
18,f,,,14.0300,186.2000
18,f,,,20.7300,185.8900
18,f,,,20.0800,182.9000
18,f,,,20.7300,179.9500
18,f,,,22.5300,178.9300
18,f,,,24.3400,179.9500
18,f,,,24.9900,182.9000
18,f,,,24.3400,185.8900
18,f,,,22.5300,186.9300
18,f,,,23.1400,185.7600
18,f,,,23.6100,185.2100
18,f,,,23.9200,184.2700
18,f,,,24.0200,182.9100
18,f,,,23.9200,181.5500
18,f,,,23.6100,180.6300
18,f,,,23.1400,180.1000
18,f,,,22.5300,179.9300
18,f,,,21.9300,180.1000
18,f,,,21.4500,180.6300
18,f,,,21.1400,181.5500
18,f,,,21.0300,182.9100
18,f,,,21.4500,185.2100
18,f,,,22.5300,185.9300
18,f,,,26.7300,185.8900
18,f,,,26.0800,182.9000
18,f,,,26.7300,179.9500
18,f,,,28.5300,178.9300
18,f,,,30.3400,179.9500
18,f,,,30.9900,182.9000
18,f,,,30.3400,185.8900
18,f,,,28.5300,186.9300
18,f,,,29.1400,185.7600
18,f,,,29.6100,185.2100
18,f,,,29.9200,184.2700
18,f,,,30.0200,182.9100
18,f,,,29.9200,181.5500
18,f,,,29.6100,180.6300
18,f,,,29.1400,180.1000
18,f,,,28.5300,179.9300
18,f,,,27.9300,180.1000
18,f,,,27.4500,180.6300
18,f,,,27.1400,181.5500
18,f,,,27.0300,182.9100
18,f,,,27.4500,185.2100
18,f,,,28.5300,185.9300
19,s,0.0000|0.0000|0.0000,0.7142860293388367,33.5547,151.8594
19,s,0.0000|0.0000|0.0000,0.7142860293388367,38.5586,151.8594
20,f,,,8.5000,152.8600
20,f,,,10.2500,152.8600
20,f,,,10.2500,147.8600
20,f,,,8.8600,147.8600
20,f,,,8.8600,146.8600
20,f,,,9.7800,146.4500
20,f,,,10.4700,145.8600
20,f,,,11.2400,145.8600
20,f,,,11.2400,152.8600
20,f,,,12.8200,152.8600
20,f,,,12.8200,153.8600
20,f,,,8.5000,153.8600
20,f,,,8.5000,152.8600
20,f,,,17.1900,148.4500
20,f,,,17.2100,147.6600
20,f,,,17.2500,146.8600
20,f,,,17.2100,146.8600
20,f,,,16.9100,147.4500
20,f,,,16.5800,148.0300
20,f,,,14.8000,150.8600
20,f,,,17.1900,150.8600
20,f,,,18.1300,151.8600
20,f,,,18.1300,153.8600
20,f,,,17.1900,153.8600
20,f,,,17.1900,151.8600
20,f,,,13.7500,151.8600
20,f,,,13.7500,151.0000
20,f,,,17.0300,145.8600
20,f,,,18.1300,145.8600
20,f,,,18.1300,150.8600
20,f,,,19.1700,150.8600
20,f,,,19.1700,151.8600
20,f,,,20.7300,152.8200
20,f,,,20.0800,149.8300
20,f,,,20.7300,146.8800
20,f,,,22.5300,145.8600
20,f,,,24.3400,146.8800
20,f,,,24.9900,149.8300
20,f,,,24.3400,152.8200
20,f,,,22.5300,153.8600
20,f,,,23.1400,152.6900
20,f,,,23.6100,152.1400
20,f,,,23.9200,151.2000
20,f,,,24.0200,149.8400
20,f,,,23.9200,148.4800
20,f,,,23.6100,147.5600
20,f,,,23.1400,147.0300
20,f,,,22.5300,146.8600
20,f,,,21.9300,147.0300
20,f,,,21.4500,147.5600
20,f,,,21.1400,148.4800
20,f,,,21.0300,149.8400
20,f,,,21.4500,152.1400
20,f,,,22.5300,152.8600
20,f,,,26.7300,152.8200
20,f,,,26.0800,149.8300
20,f,,,26.7300,146.8800
20,f,,,28.5300,145.8600
20,f,,,30.3400,146.8800
20,f,,,30.9900,149.8300
20,f,,,30.3400,152.8200
20,f,,,28.5300,153.8600
20,f,,,29.1400,152.6900
20,f,,,29.6100,152.1400
20,f,,,29.9200,151.2000
20,f,,,30.0200,149.8400
20,f,,,29.9200,148.4800
20,f,,,29.6100,147.5600
20,f,,,29.1400,147.0300
20,f,,,28.5300,146.8600
20,f,,,27.9300,147.0300
20,f,,,27.4500,147.5600
20,f,,,27.1400,148.4800
20,f,,,27.0300,149.8400
20,f,,,27.4500,152.1400
20,f,,,28.5300,152.8600
21,s,0.0000|0.0000|0.0000,0.7142860293388367,33.5547,118.7812
21,s,0.0000|0.0000|0.0000,0.7142860293388367,38.5586,118.7812
22,f,,,8.5000,119.7800
22,f,,,10.2500,119.7800
22,f,,,10.2500,114.7800
22,f,,,8.8600,114.7800
22,f,,,8.8600,113.7800
22,f,,,9.7800,113.3700
22,f,,,10.4700,112.7800
22,f,,,11.2400,112.7800
22,f,,,11.2400,119.7800
22,f,,,12.8200,119.7800
22,f,,,12.8200,120.7800
22,f,,,8.5000,120.7800
22,f,,,8.5000,119.7800
22,f,,,17.2900,119.6700
22,f,,,17.7100,119.3600
22,f,,,18.0000,118.8800
22,f,,,18.1000,118.2500
22,f,,,17.7500,117.1700
22,f,,,16.6700,116.7800
22,f,,,15.8900,116.9900
22,f,,,15.0800,117.7000
22,f,,,15.6000,119.2500
22,f,,,16.7700,119.7800
22,f,,,17.7700,113.9400
22,f,,,17.0800,113.7800
22,f,,,16.3200,113.9300
22,f,,,15.6800,114.4100
22,f,,,15.2500,115.3000
22,f,,,15.0700,116.7500
22,f,,,15.9000,116.0500
22,f,,,16.8500,115.7800
22,f,,,18.4400,116.3900
22,f,,,19.0300,118.2300
22,f,,,18.8500,119.2600
22,f,,,18.3600,120.0700
22,f,,,17.6400,120.5900
22,f,,,16.7700,120.7800
22,f,,,15.7200,120.5500
22,f,,,14.8900,119.8600
22,f,,,14.3300,118.6900
22,f,,,14.1300,117.0800
22,f,,,14.3700,115.0900
22,f,,,15.0200,113.7600
22,f,,,15.9500,113.0100
22,f,,,17.0300,112.7800
22,f,,,18.1100,113.0600
22,f,,,18.8900,113.7600
22,f,,,18.3300,114.3700
22,f,,,20.7300,119.7400
22,f,,,20.0800,116.7500
22,f,,,20.7300,113.8000
22,f,,,22.5300,112.7800
22,f,,,24.3400,113.8000
22,f,,,24.9900,116.7500
22,f,,,24.3400,119.7400
22,f,,,22.5300,120.7800
22,f,,,23.1400,119.6100
22,f,,,23.6100,119.0600
22,f,,,23.9200,118.1200
22,f,,,24.0200,116.7600
22,f,,,23.9200,115.4000
22,f,,,23.6100,114.4800
22,f,,,23.1400,113.9500
22,f,,,22.5300,113.7800
22,f,,,21.9300,113.9500
22,f,,,21.4500,114.4800
22,f,,,21.1400,115.4000
22,f,,,21.0300,116.7600
22,f,,,21.4500,119.0600
22,f,,,22.5300,119.7800
22,f,,,26.7300,119.7400
22,f,,,26.0800,116.7500
22,f,,,26.7300,113.8000
22,f,,,28.5300,112.7800
22,f,,,30.3400,113.8000
22,f,,,30.9900,116.7500
22,f,,,30.3400,119.7400
22,f,,,28.5300,120.7800
22,f,,,29.1400,119.6100
22,f,,,29.6100,119.0600
22,f,,,29.9200,118.1200
22,f,,,30.0200,116.7600
22,f,,,29.9200,115.4000
22,f,,,29.6100,114.4800
22,f,,,29.1400,113.9500
22,f,,,28.5300,113.7800
22,f,,,27.9300,113.9500
22,f,,,27.4500,114.4800
22,f,,,27.1400,115.4000
22,f,,,27.0300,116.7600
22,f,,,27.4500,119.0600
22,f,,,28.5300,119.7800
23,s,0.0000|0.0000|0.0000,0.7142860293388367,33.5547,85.7031
23,s,0.0000|0.0000|0.0000,0.7142860293388367,38.5586,85.7031
24,f,,,8.5000,86.7000
24,f,,,10.2500,86.7000
24,f,,,10.2500,81.7000
24,f,,,8.8600,81.7000
24,f,,,8.8600,80.7000
24,f,,,9.7800,80.2900
24,f,,,10.4700,79.7000
24,f,,,11.2400,79.7000
24,f,,,11.2400,86.7000
24,f,,,12.8200,86.7000
24,f,,,12.8200,87.7000
24,f,,,8.5000,87.7000
24,f,,,8.5000,86.7000
24,f,,,15.0500,85.8600
24,f,,,15.4000,86.3000
24,f,,,15.9300,86.6000
24,f,,,16.5800,86.7000
24,f,,,17.6700,86.3400
24,f,,,18.0800,85.4200
24,f,,,17.9100,84.8000
24,f,,,17.4500,84.3600
24,f,,,16.7800,84.0100
24,f,,,16.0000,83.7000
24,f,,,15.2300,84.4000
24,f,,,14.9300,85.2900
24,f,,,17.6800,82.6000
24,f,,,17.8900,81.8900
24,f,,,17.5400,81.0400
24,f,,,16.5700,80.7000
24,f,,,15.6700,81.0000
24,f,,,15.3300,81.7900
24,f,,,15.4700,82.3100
24,f,,,15.8600,82.7000
24,f,,,16.4300,83.0000
24,f,,,17.1000,83.2500
24,f,,,14.1700,84.3500
24,f,,,14.5000,83.6500
24,f,,,14.9500,83.1100
24,f,,,15.4900,82.7000
24,f,,,15.4900,82.6700
24,f,,,14.7400,82.0800
24,f,,,14.4100,81.2600
24,f,,,14.5800,80.6200
24,f,,,15.0400,80.1400
24,f,,,15.7200,79.8200
24,f,,,16.5800,79.7000
24,f,,,17.4900,79.8700
24,f,,,18.1600,80.3600
24,f,,,18.6000,81.1200
24,f,,,18.7500,82.0900
24,f,,,18.6400,82.7500
24,f,,,18.3900,83.3600
24,f,,,18.0500,83.8600
24,f,,,17.6900,84.2500
24,f,,,17.6900,84.2900
24,f,,,18.1800,84.5700
24,f,,,18.6100,84.9300
24,f,,,18.9100,85.3800
24,f,,,19.0200,85.9700
24,f,,,18.8400,86.6500
24,f,,,18.3400,87.2000
24,f,,,17.5600,87.5700
24,f,,,16.5500,87.7000
24,f,,,15.5400,87.5100
24,f,,,14.7500,86.9900
24,f,,,14.2300,86.1900
24,f,,,14.0300,85.1800
24,f,,,20.7300,86.6600
24,f,,,20.0800,83.6700
24,f,,,20.7300,80.7200
24,f,,,22.5300,79.7000
24,f,,,24.3400,80.7200
24,f,,,24.9900,83.6700
24,f,,,24.3400,86.6600
24,f,,,22.5300,87.7000
24,f,,,23.1400,86.5300
24,f,,,23.6100,85.9800
24,f,,,23.9200,85.0400
24,f,,,24.0200,83.6800
24,f,,,23.9200,82.3200
24,f,,,23.6100,81.4000
24,f,,,23.1400,80.8700
24,f,,,22.5300,80.7000
24,f,,,21.9300,80.8700
24,f,,,21.4500,81.4000
24,f,,,21.1400,82.3200
24,f,,,21.0300,83.6800
24,f,,,21.4500,85.9800
24,f,,,22.5300,86.7000
24,f,,,26.7300,86.6600
24,f,,,26.0800,83.6700
24,f,,,26.7300,80.7200
24,f,,,28.5300,79.7000
24,f,,,30.3400,80.7200
24,f,,,30.9900,83.6700
24,f,,,30.3400,86.6600
24,f,,,28.5300,87.7000
24,f,,,29.1400,86.5300
24,f,,,29.6100,85.9800
24,f,,,29.9200,85.0400
24,f,,,30.0200,83.6800
24,f,,,29.9200,82.3200
24,f,,,29.6100,81.4000
24,f,,,29.1400,80.8700
24,f,,,28.5300,80.7000
24,f,,,27.9300,80.8700
24,f,,,27.4500,81.4000
24,f,,,27.1400,82.3200
24,f,,,27.0300,83.6800
24,f,,,27.4500,85.9800
24,f,,,28.5300,86.7000
25,s,0.0000|0.0000|0.0000,0.7142860293388367,33.5547,52.6250
25,s,0.0000|0.0000|0.0000,0.7142860293388367,38.5586,52.6250
26,f,,,8.0300,53.8900
26,f,,,9.5700,52.3600
26,f,,,10.6900,51.1000
26,f,,,11.3900,50.0300
26,f,,,11.6300,49.0900
26,f,,,11.2700,48.0300
26,f,,,10.1700,47.6200
26,f,,,9.2800,47.8900
26,f,,,8.5500,48.5400
26,f,,,7.9900,47.9800
26,f,,,9.0000,47.0200
26,f,,,10.3000,46.6200
26,f,,,11.9800,47.2400
26,f,,,12.6000,48.9000
26,f,,,12.3600,49.9900
26,f,,,11.7100,51.1300
26,f,,,10.7300,52.3500
26,f,,,9.4700,53.7000
26,f,,,10.1200,53.6400
26,f,,,10.7500,53.6200
26,f,,,12.9700,53.6200
26,f,,,12.9700,54.6200
26,f,,,8.0300,54.6200
26,f,,,8.0300,53.8900
26,f,,,14.7300,53.5800
26,f,,,14.0800,50.5900
26,f,,,14.7300,47.6400
26,f,,,16.5300,46.6200
26,f,,,18.3400,47.6400
26,f,,,18.9900,50.5900
26,f,,,18.3400,53.5800
26,f,,,16.5300,54.6200
26,f,,,17.1400,53.4500
26,f,,,17.6100,52.9000
26,f,,,17.9200,51.9600
26,f,,,18.0200,50.6000
26,f,,,17.9200,49.2400
26,f,,,17.6100,48.3200
26,f,,,17.1400,47.7900
26,f,,,16.5300,47.6200
26,f,,,15.9300,47.7900
26,f,,,15.4500,48.3200
26,f,,,15.1400,49.2400
26,f,,,15.0300,50.6000
26,f,,,15.4500,52.9000
26,f,,,16.5300,53.6200
26,f,,,20.7300,53.5800
26,f,,,20.0800,50.5900
26,f,,,20.7300,47.6400
26,f,,,22.5300,46.6200
26,f,,,24.3400,47.6400
26,f,,,24.9900,50.5900
26,f,,,24.3400,53.5800
26,f,,,22.5300,54.6200
26,f,,,23.1400,53.4500
26,f,,,23.6100,52.9000
26,f,,,23.9200,51.9600
26,f,,,24.0200,50.6000
26,f,,,23.9200,49.2400
26,f,,,23.6100,48.3200
26,f,,,23.1400,47.7900
26,f,,,22.5300,47.6200
26,f,,,21.9300,47.7900
26,f,,,21.4500,48.3200
26,f,,,21.1400,49.2400
26,f,,,21.0300,50.6000
26,f,,,21.4500,52.9000
26,f,,,22.5300,53.6200
26,f,,,26.7300,53.5800
26,f,,,26.0800,50.5900
26,f,,,26.7300,47.6400
26,f,,,28.5300,46.6200
26,f,,,30.3400,47.6400
26,f,,,30.9900,50.5900
26,f,,,30.3400,53.5800
26,f,,,28.5300,54.6200
26,f,,,29.1400,53.4500
26,f,,,29.6100,52.9000
26,f,,,29.9200,51.9600
26,f,,,30.0200,50.6000
26,f,,,29.9200,49.2400
26,f,,,29.6100,48.3200
26,f,,,29.1400,47.7900
26,f,,,28.5300,47.6200
26,f,,,27.9300,47.7900
26,f,,,27.4500,48.3200
26,f,,,27.1400,49.2400
26,f,,,27.0300,50.6000
26,f,,,27.4500,52.9000
26,f,,,28.5300,53.6200
27,s,0.0000|0.0000|0.0000,0.7142860293388367,33.5547,19.5508
27,s,0.0000|0.0000|0.0000,0.7142860293388367,38.5586,19.5508
28,f,,,8.0300,20.8200
28,f,,,9.5700,19.2900
28,f,,,10.6900,18.0300
28,f,,,11.3900,16.9600
28,f,,,11.6300,16.0200
28,f,,,11.2700,14.9600
28,f,,,10.1700,14.5500
28,f,,,9.2800,14.8200
28,f,,,8.5500,15.4700
28,f,,,7.9900,14.9100
28,f,,,9.0000,13.9500
28,f,,,10.3000,13.5500
28,f,,,11.9800,14.1700
28,f,,,12.6000,15.8300
28,f,,,12.3600,16.9200
28,f,,,11.7100,18.0600
28,f,,,10.7300,19.2800
28,f,,,9.4700,20.6300
28,f,,,10.1200,20.5700
28,f,,,10.7500,20.5500
28,f,,,12.9700,20.5500
28,f,,,12.9700,21.5500
28,f,,,8.0300,21.5500
28,f,,,8.0300,20.8200
28,f,,,15.5700,19.2900
28,f,,,16.6900,18.0300
28,f,,,17.3900,16.9600
28,f,,,17.6300,16.0200
28,f,,,17.2700,14.9600
28,f,,,16.1700,14.5500
28,f,,,15.2800,14.8200
28,f,,,14.5500,15.4700
28,f,,,13.9900,14.9100
28,f,,,15.0000,13.9500
28,f,,,16.3000,13.5500
28,f,,,17.9800,14.1700
28,f,,,18.6000,15.8300
28,f,,,18.3600,16.9200
28,f,,,17.7100,18.0600
28,f,,,16.7300,19.2800
28,f,,,15.4700,20.6300
28,f,,,16.1200,20.5700
28,f,,,16.7500,20.5500
28,f,,,18.9700,20.5500
28,f,,,18.9700,21.5500
28,f,,,14.0300,21.5500
28,f,,,14.0300,20.8200
28,f,,,20.7300,20.5100
28,f,,,20.0800,17.5200
28,f,,,20.7300,14.5700
28,f,,,22.5300,13.5500
28,f,,,24.3400,14.5700
28,f,,,24.9900,17.5200
28,f,,,24.3400,20.5100
28,f,,,22.5300,21.5500
28,f,,,23.1400,20.3800
28,f,,,23.6100,19.8300
28,f,,,23.9200,18.8900
28,f,,,24.0200,17.5300
28,f,,,23.9200,16.1700
28,f,,,23.6100,15.2500
28,f,,,23.1400,14.7200
28,f,,,22.5300,14.5500
28,f,,,21.9300,14.7200
28,f,,,21.4500,15.2500
28,f,,,21.1400,16.1700
28,f,,,21.0300,17.5300
28,f,,,21.4500,19.8300
28,f,,,22.5300,20.5500
28,f,,,26.7300,20.5100
28,f,,,26.0800,17.5200
28,f,,,26.7300,14.5700
28,f,,,28.5300,13.5500
28,f,,,30.3400,14.5700
28,f,,,30.9900,17.5200
28,f,,,30.3400,20.5100
28,f,,,28.5300,21.5500
28,f,,,29.1400,20.3800
28,f,,,29.6100,19.8300
28,f,,,29.9200,18.8900
28,f,,,30.0200,17.5300
28,f,,,29.9200,16.1700
28,f,,,29.6100,15.2500
28,f,,,29.1400,14.7200
28,f,,,28.5300,14.5500
28,f,,,27.9300,14.7200
28,f,,,27.4500,15.2500
28,f,,,27.1400,16.1700
28,f,,,27.0300,17.5300
28,f,,,27.4500,19.8300
28,f,,,28.5300,20.5500
29,s,0.0000|0.0000|0.0000,0.7142860293388367,38.5586,383.3984
29,s,0.0000|0.0000|0.0000,0.7142860293388367,657.4688,383.3984
30,f,,,303.8700,415.4500
30,f,,,306.0100,415.4500
30,f,,,306.0100,403.4500
30,f,,,303.8700,403.4500
30,f,,,303.8700,415.4500
30,f,,,314.8700,406.4500
30,f,,,314.8700,407.7900
30,f,,,312.2300,406.4500
30,f,,,307.8700,410.9800
30,f,,,312.1800,415.4500
30,f,,,314.8700,414.0700
30,f,,,314.8700,415.4500
30,f,,,317.0100,415.4500
30,f,,,317.0100,406.4500
30,f,,,314.8700,411.0100
30,f,,,314.2800,412.7200
30,f,,,312.4600,413.4700
30,f,,,310.0100,411.0300
30,f,,,312.4300,408.4300
30,f,,,321.0100,415.4500
30,f,,,321.0100,411.1500
30,f,,,321.2600,409.3400
30,f,,,322.9500,408.4300
30,f,,,324.4600,408.9800
30,f,,,324.8700,410.6500
30,f,,,324.8700,415.4500
30,f,,,327.0100,415.4500
30,f,,,327.0100,411.1500
30,f,,,327.2800,409.2800
30,f,,,328.5700,408.4300
30,f,,,329.6700,408.9700
30,f,,,330.0100,410.6500
30,f,,,330.0100,415.4500
30,f,,,332.1500,415.4500
30,f,,,332.1500,410.3700
30,f,,,331.6000,407.8400
30,f,,,328.7400,406.4500
30,f,,,326.1500,407.8600
30,f,,,323.3900,406.4500
30,f,,,321.0100,407.5100
30,f,,,321.0100,406.4500
30,f,,,318.8700,406.4500
30,f,,,318.8700,415.4500
30,f,,,336.0100,415.4500
30,f,,,336.0100,414.0900
30,f,,,338.8700,415.4500
30,f,,,342.1200,413.9700
30,f,,,343.1500,410.9500
30,f,,,338.7300,406.4500
30,f,,,336.0100,407.6100
30,f,,,336.0100,403.4500
30,f,,,333.8700,403.4500
30,f,,,333.8700,415.4500
30,f,,,341.0100,410.9500
30,f,,,338.4600,413.4700
30,f,,,336.0100,410.9500
30,f,,,338.4200,408.4300
30,f,,,351.8700,403.4500
30,f,,,351.8700,407.5700
30,f,,,349.2100,406.4500
30,f,,,344.8700,410.9800
30,f,,,349.2300,415.4500
30,f,,,351.8700,414.0700
30,f,,,351.8700,415.4500
30,f,,,354.0100,415.4500
30,f,,,354.0100,403.4500
30,f,,,351.8700,410.9500
30,f,,,349.5400,413.4700
30,f,,,347.0100,410.9000
30,f,,,349.4900,408.4300
30,f,,,362.8700,406.4500
30,f,,,362.8700,407.7900
30,f,,,360.2300,406.4500
30,f,,,355.8700,410.9800
30,f,,,360.1800,415.4500
30,f,,,362.8700,414.0700
30,f,,,362.8700,415.4500
30,f,,,365.0100,415.4500
30,f,,,365.0100,406.4500
30,f,,,362.8700,411.0100
30,f,,,362.2800,412.7200
30,f,,,360.4600,413.4700
30,f,,,358.0100,411.0300
30,f,,,360.4300,408.4300
30,f,,,369.1500,410.5900
30,f,,,371.3900,405.7900
30,f,,,371.3900,403.4500
30,f,,,369.4600,404.6700
30,f,,,367.0100,410.5900
30,f,,,369.0400,416.0700
30,f,,,371.3900,417.6800
30,f,,,371.3900,415.3300
30,f,,,375.0100,415.4500
30,f,,,375.0100,411.1500
30,f,,,375.2600,409.3400
30,f,,,376.9500,408.4300
30,f,,,378.4600,408.9800
30,f,,,378.8700,410.6500
30,f,,,378.8700,415.4500
30,f,,,381.0100,415.4500
30,f,,,381.0100,411.1500
30,f,,,381.2800,409.2800
30,f,,,382.5700,408.4300
30,f,,,383.6700,408.9700
30,f,,,384.0100,410.6500
30,f,,,384.0100,415.4500
30,f,,,386.1500,415.4500
30,f,,,386.1500,410.3700
30,f,,,385.6000,407.8400
30,f,,,382.7400,406.4500
30,f,,,380.1500,407.8600
30,f,,,377.3900,406.4500
30,f,,,375.0100,407.5100
30,f,,,375.0100,406.4500
30,f,,,372.8700,406.4500
30,f,,,372.8700,415.4500
30,f,,,389.8700,410.5400
30,f,,,387.6300,415.3400
30,f,,,387.6300,417.6800
30,f,,,389.5600,416.4500
30,f,,,392.0100,410.5400
30,f,,,389.9800,405.0400
30,f,,,387.6300,403.4300
30,f,,,387.6300,405.7900
31,s,0.0000|0.0000|0.0000,0.7142860293388367,38.5586,388.4102
31,s,0.0000|0.0000|0.0000,0.7142860293388367,38.5586,383.3984
32,f,,,25.3400,396.5400
32,f,,,26.1400,397.1500
32,f,,,27.2800,397.4200
32,f,,,27.9300,397.3100
32,f,,,28.4600,397.0000
32,f,,,28.8200,396.5100
32,f,,,28.9500,395.8900
32,f,,,28.5100,394.8100
32,f,,,27.3300,394.4200
32,f,,,26.6400,394.5400
32,f,,,26.0100,394.8900
32,f,,,25.4800,394.5600
32,f,,,25.7300,390.4200
32,f,,,29.5600,390.4200
32,f,,,29.5600,391.4200
32,f,,,26.6100,391.4200
32,f,,,26.4000,393.7300
32,f,,,26.9400,393.5000
32,f,,,27.5800,393.4200
32,f,,,28.5000,393.5600
32,f,,,29.2600,394.0000
32,f,,,29.7600,394.7500
32,f,,,29.9500,395.8300
32,f,,,29.7300,396.9300
32,f,,,29.1500,397.7400
32,f,,,28.3300,398.2500
32,f,,,27.3700,398.4200
32,f,,,26.5400,398.3100
32,f,,,25.8500,398.0200
32,f,,,25.2900,397.6200
32,f,,,24.8600,397.1900
32,f,,,25.3400,396.5400
32,f,,,31.3300,394.1700
32,f,,,31.9300,393.2200
32,f,,,32.7600,392.6200
32,f,,,33.7300,392.4200
32,f,,,34.7200,392.6000
32,f,,,35.4500,393.1100
32,f,,,35.9000,393.9000
32,f,,,36.0600,394.9200
32,f,,,36.0100,395.4200
32,f,,,32.0900,395.4200
32,f,,,32.6600,396.8800
32,f,,,34.0300,397.4200
32,f,,,34.8000,397.2900
32,f,,,35.4800,396.9500
32,f,,,35.8300,397.6700
32,f,,,34.9800,398.1900
32,f,,,33.9000,398.4200
32,f,,,32.8100,398.2200
32,f,,,31.9200,397.6300
32,f,,,31.3300,396.6900
32,f,,,31.1100,395.4400
32,f,,,34.8100,393.6800
32,f,,,33.7500,393.4200
32,f,,,33.1500,393.4900
32,f,,,32.6500,393.6900
32,f,,,32.2700,394.0000
32,f,,,32.0800,394.4200
32,f,,,35.1800,394.4200
32,f,,,39.8100,394.4200
32,f,,,39.8100,395.4200
32,f,,,37.0400,395.4200
32,f,,,37.0400,394.4200
32,f,,,41.7400,397.3800
32,f,,,41.0900,394.3900
32,f,,,41.7400,391.4400
32,f,,,43.5400,390.4200
32,f,,,45.3500,391.4400
32,f,,,46.0000,394.3900
32,f,,,45.3500,397.3800
32,f,,,43.5400,398.4200
32,f,,,44.1500,397.2500
32,f,,,44.6200,396.7000
32,f,,,44.9300,395.7600
32,f,,,45.0300,394.4000
32,f,,,44.9300,393.0400
32,f,,,44.6200,392.1200
32,f,,,44.1500,391.5900
32,f,,,43.5400,391.4200
32,f,,,42.9400,391.5900
32,f,,,42.4600,392.1200
32,f,,,42.1500,393.0400
32,f,,,42.0400,394.4000
32,f,,,42.4600,396.7000
32,f,,,43.5400,397.4200
32,f,,,48.8700,396.3800
32,f,,,49.2700,394.6200
32,f,,,49.9400,393.0100
32,f,,,50.9000,391.4200
32,f,,,47.0900,391.4200
32,f,,,47.0900,390.4200
32,f,,,52.0100,390.4200
32,f,,,52.0100,391.1900
32,f,,,50.9100,392.8900
32,f,,,50.2300,394.5400
32,f,,,49.8600,396.3300
32,f,,,49.7000,398.4200
32,f,,,48.6800,398.4200
33,s,0.0000|0.0000|0.0000,0.7142860293388367,115.6719,388.4102
33,s,0.0000|0.0000|0.0000,0.7142860293388367,115.6719,383.3984
34,f,,,98.4500,396.5400
34,f,,,99.2500,397.1500
34,f,,,100.3900,397.4200
34,f,,,101.0400,397.3100
34,f,,,101.5700,397.0000
34,f,,,101.9300,396.5100
34,f,,,102.0600,395.8900
34,f,,,101.6200,394.8100
34,f,,,100.4400,394.4200
34,f,,,99.7500,394.5400
34,f,,,99.1200,394.8900
34,f,,,98.5900,394.5600
34,f,,,98.8400,390.4200
34,f,,,102.6700,390.4200
34,f,,,102.6700,391.4200
34,f,,,99.7200,391.4200
34,f,,,99.5100,393.7300
34,f,,,100.0500,393.5000
34,f,,,100.6900,393.4200
34,f,,,101.6100,393.5600
34,f,,,102.3700,394.0000
34,f,,,102.8700,394.7500
34,f,,,103.0600,395.8300
34,f,,,102.8400,396.9300
34,f,,,102.2600,397.7400
34,f,,,101.4400,398.2500
34,f,,,100.4800,398.4200
34,f,,,99.6500,398.3100
34,f,,,98.9600,398.0200
34,f,,,98.4000,397.6200
34,f,,,97.9700,397.1900
34,f,,,98.4500,396.5400
34,f,,,104.6600,396.7000
34,f,,,105.1700,396.4200
34,f,,,105.6600,396.7000
34,f,,,105.8700,397.4400
34,f,,,105.6600,398.1400
34,f,,,105.1700,398.4200
34,f,,,104.6600,398.1400
34,f,,,104.4500,397.4400
34,f,,,108.2500,397.1500
34,f,,,109.3900,397.4200
34,f,,,110.0400,397.3100
34,f,,,110.5700,397.0000
34,f,,,110.9300,396.5100
34,f,,,111.0600,395.8900
34,f,,,110.6200,394.8100
34,f,,,109.4400,394.4200
34,f,,,108.7500,394.5400
34,f,,,108.1200,394.8900
34,f,,,107.5900,394.5600
34,f,,,107.8400,390.4200
34,f,,,111.6700,390.4200
34,f,,,111.6700,391.4200
34,f,,,108.7200,391.4200
34,f,,,108.5100,393.7300
34,f,,,109.0500,393.5000
34,f,,,109.6900,393.4200
34,f,,,110.6100,393.5600
34,f,,,111.3700,394.0000
34,f,,,111.8700,394.7500
34,f,,,112.0600,395.8300
34,f,,,111.8400,396.9300
34,f,,,111.2600,397.7400
34,f,,,110.4400,398.2500
34,f,,,109.4800,398.4200
34,f,,,108.6500,398.3100
34,f,,,107.9600,398.0200
34,f,,,107.4000,397.6200
34,f,,,106.9700,397.1900
34,f,,,107.4500,396.5400
34,f,,,113.4400,394.1700
34,f,,,114.0400,393.2200
34,f,,,114.8700,392.6200
34,f,,,115.8400,392.4200
34,f,,,116.8300,392.6000
34,f,,,117.5600,393.1100
34,f,,,118.0100,393.9000
34,f,,,118.1700,394.9200
34,f,,,118.1200,395.4200
34,f,,,114.2000,395.4200
34,f,,,114.7700,396.8800
34,f,,,116.1400,397.4200
34,f,,,116.9100,397.2900
34,f,,,117.5900,396.9500
34,f,,,117.9400,397.6700
34,f,,,117.0900,398.1900
34,f,,,116.0100,398.4200
34,f,,,114.9200,398.2200
34,f,,,114.0300,397.6300
34,f,,,113.4400,396.6900
34,f,,,113.2200,395.4400
34,f,,,116.9200,393.6800
34,f,,,115.8600,393.4200
34,f,,,115.2600,393.4900
34,f,,,114.7600,393.6900
34,f,,,114.3800,394.0000
34,f,,,114.1900,394.4200
34,f,,,117.2900,394.4200
34,f,,,121.9200,394.4200
34,f,,,121.9200,395.4200
34,f,,,119.1500,395.4200
34,f,,,119.1500,394.4200
34,f,,,123.8500,397.3800
34,f,,,123.2000,394.3900
34,f,,,123.8500,391.4400
34,f,,,125.6500,390.4200
34,f,,,127.4600,391.4400
34,f,,,128.1100,394.3900
34,f,,,127.4600,397.3800
34,f,,,125.6500,398.4200
34,f,,,126.2600,397.2500
34,f,,,126.7300,396.7000
34,f,,,127.0400,395.7600
34,f,,,127.1400,394.4000
34,f,,,127.0400,393.0400
34,f,,,126.7300,392.1200
34,f,,,126.2600,391.5900
34,f,,,125.6500,391.4200
34,f,,,125.0500,391.5900
34,f,,,124.5700,392.1200
34,f,,,124.2600,393.0400
34,f,,,124.1500,394.4000
34,f,,,124.5700,396.7000
34,f,,,125.6500,397.4200
34,f,,,130.9800,396.3800
34,f,,,131.3800,394.6200
34,f,,,132.0500,393.0100
34,f,,,133.0100,391.4200
34,f,,,129.2000,391.4200
34,f,,,129.2000,390.4200
34,f,,,134.1200,390.4200
34,f,,,134.1200,391.1900
34,f,,,133.0200,392.8900
34,f,,,132.3400,394.5400
34,f,,,131.9700,396.3300
34,f,,,131.8100,398.4200
34,f,,,130.7900,398.4200
35,s,0.0000|0.0000|0.0000,0.7142860293388367,192.7852,388.4102
35,s,0.0000|0.0000|0.0000,0.7142860293388367,192.7852,383.3984
36,f,,,182.0000,397.4200
36,f,,,182.5200,397.3100
36,f,,,182.9400,397.0000
36,f,,,183.2300,396.5200
36,f,,,183.3300,395.8900
36,f,,,182.9800,394.8100
36,f,,,181.9000,394.4200
36,f,,,181.1200,394.6300
36,f,,,180.3100,395.3400
36,f,,,180.8300,396.8900
36,f,,,182.0000,397.4200
36,f,,,183.0000,391.5800
36,f,,,182.3100,391.4200
36,f,,,181.5500,391.5700
36,f,,,180.9100,392.0500
36,f,,,180.4800,392.9400
36,f,,,180.3000,394.3900
36,f,,,181.1300,393.6900
36,f,,,182.0800,393.4200
36,f,,,183.6700,394.0300
36,f,,,184.2600,395.8700
36,f,,,184.0800,396.9000
36,f,,,183.5900,397.7100
36,f,,,182.8700,398.2300
36,f,,,182.0000,398.4200
36,f,,,180.9500,398.1900
36,f,,,180.1200,397.5000
36,f,,,179.5600,396.3300
36,f,,,179.3600,394.7200
36,f,,,179.6000,392.7300
36,f,,,180.2500,391.4000
36,f,,,181.1800,390.6500
36,f,,,182.2600,390.4200
36,f,,,183.3400,390.7000
36,f,,,184.1200,391.4000
36,f,,,183.5600,392.0100
36,f,,,185.5500,394.1700
36,f,,,186.1500,393.2200
36,f,,,186.9800,392.6200
36,f,,,187.9500,392.4200
36,f,,,188.9400,392.6000
36,f,,,189.6700,393.1100
36,f,,,190.1200,393.9000
36,f,,,190.2800,394.9200
36,f,,,190.2300,395.4200
36,f,,,186.3100,395.4200
36,f,,,186.8800,396.8800
36,f,,,188.2500,397.4200
36,f,,,189.0200,397.2900
36,f,,,189.7000,396.9500
36,f,,,190.0500,397.6700
36,f,,,189.2000,398.1900
36,f,,,188.1200,398.4200
36,f,,,187.0300,398.2200
36,f,,,186.1400,397.6300
36,f,,,185.5500,396.6900
36,f,,,185.3300,395.4400
36,f,,,189.0300,393.6800
36,f,,,187.9700,393.4200
36,f,,,187.3700,393.4900
36,f,,,186.8700,393.6900
36,f,,,186.4900,394.0000
36,f,,,186.3000,394.4200
36,f,,,189.4000,394.4200
36,f,,,194.0300,394.4200
36,f,,,194.0300,395.4200
36,f,,,191.2600,395.4200
36,f,,,191.2600,394.4200
36,f,,,195.9600,397.3800
36,f,,,195.3100,394.3900
36,f,,,195.9600,391.4400
36,f,,,197.7600,390.4200
36,f,,,199.5700,391.4400
36,f,,,200.2200,394.3900
36,f,,,199.5700,397.3800
36,f,,,197.7600,398.4200
36,f,,,198.3700,397.2500
36,f,,,198.8400,396.7000
36,f,,,199.1500,395.7600
36,f,,,199.2500,394.4000
36,f,,,199.1500,393.0400
36,f,,,198.8400,392.1200
36,f,,,198.3700,391.5900
36,f,,,197.7600,391.4200
36,f,,,197.1600,391.5900
36,f,,,196.6800,392.1200
36,f,,,196.3700,393.0400
36,f,,,196.2600,394.4000
36,f,,,196.6800,396.7000
36,f,,,197.7600,397.4200
36,f,,,203.0900,396.3800
36,f,,,203.4900,394.6200
36,f,,,204.1600,393.0100
36,f,,,205.1200,391.4200
36,f,,,201.3100,391.4200
36,f,,,201.3100,390.4200
36,f,,,206.2300,390.4200
36,f,,,206.2300,391.1900
36,f,,,205.1300,392.8900
36,f,,,204.4500,394.5400
36,f,,,204.0800,396.3300
36,f,,,203.9200,398.4200
36,f,,,202.9000,398.4200
37,s,0.0000|0.0000|0.0000,0.7142860293388367,269.8984,388.4102
37,s,0.0000|0.0000|0.0000,0.7142860293388367,269.8984,383.3984
38,f,,,255.1200,397.4200
38,f,,,255.6400,397.3100
38,f,,,256.0600,397.0000
38,f,,,256.3500,396.5200
38,f,,,256.4500,395.8900
38,f,,,256.1000,394.8100
38,f,,,255.0200,394.4200
38,f,,,254.2400,394.6300
38,f,,,253.4300,395.3400
38,f,,,253.9500,396.8900
38,f,,,255.1200,397.4200
38,f,,,256.1200,391.5800
38,f,,,255.4300,391.4200
38,f,,,254.6700,391.5700
38,f,,,254.0300,392.0500
38,f,,,253.6000,392.9400
38,f,,,253.4200,394.3900
38,f,,,254.2500,393.6900
38,f,,,255.2000,393.4200
38,f,,,256.7900,394.0300
38,f,,,257.3800,395.8700
38,f,,,257.2000,396.9000
38,f,,,256.7100,397.7100
38,f,,,255.9900,398.2300
38,f,,,255.1200,398.4200
38,f,,,254.0700,398.1900
38,f,,,253.2400,397.5000
38,f,,,252.6800,396.3300
38,f,,,252.4800,394.7200
38,f,,,252.7200,392.7300
38,f,,,253.3700,391.4000
38,f,,,254.3000,390.6500
38,f,,,255.3800,390.4200
38,f,,,256.4600,390.7000
38,f,,,257.2400,391.4000
38,f,,,256.6800,392.0100
38,f,,,258.8900,396.7000
38,f,,,259.4000,396.4200
38,f,,,259.8900,396.7000
38,f,,,260.1000,397.4400
38,f,,,259.8900,398.1400
38,f,,,259.4000,398.4200
38,f,,,258.8900,398.1400
38,f,,,258.6800,397.4400
38,f,,,262.4800,397.1500
38,f,,,263.6200,397.4200
38,f,,,264.2700,397.3100
38,f,,,264.8000,397.0000
38,f,,,265.1600,396.5100
38,f,,,265.2900,395.8900
38,f,,,264.8500,394.8100
38,f,,,263.6700,394.4200
38,f,,,262.9800,394.5400
38,f,,,262.3500,394.8900
38,f,,,261.8200,394.5600
38,f,,,262.0700,390.4200
38,f,,,265.9000,390.4200
38,f,,,265.9000,391.4200
38,f,,,262.9500,391.4200
38,f,,,262.7400,393.7300
38,f,,,263.2800,393.5000
38,f,,,263.9200,393.4200
38,f,,,264.8400,393.5600
38,f,,,265.6000,394.0000
38,f,,,266.1000,394.7500
38,f,,,266.2900,395.8300
38,f,,,266.0700,396.9300
38,f,,,265.4900,397.7400
38,f,,,264.6700,398.2500
38,f,,,263.7100,398.4200
38,f,,,262.8800,398.3100
38,f,,,262.1900,398.0200
38,f,,,261.6300,397.6200
38,f,,,261.2000,397.1900
38,f,,,261.6800,396.5400
38,f,,,267.6700,394.1700
38,f,,,268.2700,393.2200
38,f,,,269.1000,392.6200
38,f,,,270.0700,392.4200
38,f,,,271.0600,392.6000
38,f,,,271.7900,393.1100
38,f,,,272.2400,393.9000
38,f,,,272.4000,394.9200
38,f,,,272.3500,395.4200
38,f,,,268.4300,395.4200
38,f,,,269.0000,396.8800
38,f,,,270.3700,397.4200
38,f,,,271.1400,397.2900
38,f,,,271.8200,396.9500
38,f,,,272.1700,397.6700
38,f,,,271.3200,398.1900
38,f,,,270.2400,398.4200
38,f,,,269.1500,398.2200
38,f,,,268.2600,397.6300
38,f,,,267.6700,396.6900
38,f,,,267.4500,395.4400
38,f,,,271.1500,393.6800
38,f,,,270.0900,393.4200
38,f,,,269.4900,393.4900
38,f,,,268.9900,393.6900
38,f,,,268.6100,394.0000
38,f,,,268.4200,394.4200
38,f,,,271.5200,394.4200
38,f,,,276.1500,394.4200
38,f,,,276.1500,395.4200
38,f,,,273.3800,395.4200
38,f,,,273.3800,394.4200
38,f,,,278.0800,397.3800
38,f,,,277.4300,394.3900
38,f,,,278.0800,391.4400
38,f,,,279.8800,390.4200
38,f,,,281.6900,391.4400
38,f,,,282.3400,394.3900
38,f,,,281.6900,397.3800
38,f,,,279.8800,398.4200
38,f,,,280.4900,397.2500
38,f,,,280.9600,396.7000
38,f,,,281.2700,395.7600
38,f,,,281.3700,394.4000
38,f,,,281.2700,393.0400
38,f,,,280.9600,392.1200
38,f,,,280.4900,391.5900
38,f,,,279.8800,391.4200
38,f,,,279.2800,391.5900
38,f,,,278.8000,392.1200
38,f,,,278.4900,393.0400
38,f,,,278.3800,394.4000
38,f,,,278.8000,396.7000
38,f,,,279.8800,397.4200
38,f,,,285.2100,396.3800
38,f,,,285.6100,394.6200
38,f,,,286.2800,393.0100
38,f,,,287.2400,391.4200
38,f,,,283.4300,391.4200
38,f,,,283.4300,390.4200
38,f,,,288.3500,390.4200
38,f,,,288.3500,391.1900
38,f,,,287.2500,392.8900
38,f,,,286.5700,394.5400
38,f,,,286.2000,396.3300
38,f,,,286.0400,398.4200
38,f,,,285.0200,398.4200
39,s,0.0000|0.0000|0.0000,0.7142860293388367,348.0156,388.4102
39,s,0.0000|0.0000|0.0000,0.7142860293388367,348.0156,383.3984
40,f,,,336.1300,398.4200
40,f,,,336.3200,396.3800
40,f,,,336.7200,394.6200
40,f,,,337.3900,393.0100
40,f,,,338.3500,391.4200
40,f,,,334.5400,391.4200
40,f,,,334.5400,390.4200
40,f,,,339.4600,390.4200
40,f,,,339.4600,391.1900
40,f,,,338.3600,392.8900
40,f,,,337.6800,394.5400
40,f,,,337.3100,396.3300
40,f,,,337.1500,398.4200
40,f,,,336.1300,398.4200
40,f,,,340.7800,394.1700
40,f,,,341.3800,393.2200
40,f,,,342.2100,392.6200
40,f,,,343.1800,392.4200
40,f,,,344.1700,392.6000
40,f,,,344.9000,393.1100
40,f,,,345.3500,393.9000
40,f,,,345.5100,394.9200
40,f,,,345.4600,395.4200
40,f,,,341.5400,395.4200
40,f,,,342.1100,396.8800
40,f,,,343.4800,397.4200
40,f,,,344.2500,397.2900
40,f,,,344.9300,396.9500
40,f,,,345.2800,397.6700
40,f,,,344.4300,398.1900
40,f,,,343.3500,398.4200
40,f,,,342.2600,398.2200
40,f,,,341.3700,397.6300
40,f,,,340.7800,396.6900
40,f,,,340.5600,395.4400
40,f,,,344.2600,393.6800
40,f,,,343.2000,393.4200
40,f,,,342.6000,393.4900
40,f,,,342.1000,393.6900
40,f,,,341.7200,394.0000
40,f,,,341.5300,394.4200
40,f,,,344.6300,394.4200
40,f,,,349.2600,394.4200
40,f,,,349.2600,395.4200
40,f,,,346.4900,395.4200
40,f,,,346.4900,394.4200
40,f,,,351.1900,397.3800
40,f,,,350.5400,394.3900
40,f,,,351.1900,391.4400
40,f,,,352.9900,390.4200
40,f,,,354.8000,391.4400
40,f,,,355.4500,394.3900
40,f,,,354.8000,397.3800
40,f,,,352.9900,398.4200
40,f,,,353.6000,397.2500
40,f,,,354.0700,396.7000
40,f,,,354.3800,395.7600
40,f,,,354.4800,394.4000
40,f,,,354.3800,393.0400
40,f,,,354.0700,392.1200
40,f,,,353.6000,391.5900
40,f,,,352.9900,391.4200
40,f,,,352.3900,391.5900
40,f,,,351.9100,392.1200
40,f,,,351.6000,393.0400
40,f,,,351.4900,394.4000
40,f,,,351.9100,396.7000
40,f,,,352.9900,397.4200
40,f,,,358.3200,396.3800
40,f,,,358.7200,394.6200
40,f,,,359.3900,393.0100
40,f,,,360.3500,391.4200
40,f,,,356.5400,391.4200
40,f,,,356.5400,390.4200
40,f,,,361.4600,390.4200
40,f,,,361.4600,391.1900
40,f,,,360.3600,392.8900
40,f,,,359.6800,394.5400
40,f,,,359.3100,396.3300
40,f,,,359.1500,398.4200
40,f,,,358.1300,398.4200
41,s,0.0000|0.0000|0.0000,0.7142860293388367,425.1289,388.4102
41,s,0.0000|0.0000|0.0000,0.7142860293388367,425.1289,383.3984
42,f,,,409.2500,398.4200
42,f,,,409.4400,396.3800
42,f,,,409.8400,394.6200
42,f,,,410.5100,393.0100
42,f,,,411.4700,391.4200
42,f,,,407.6600,391.4200
42,f,,,407.6600,390.4200
42,f,,,412.5800,390.4200
42,f,,,412.5800,391.1900
42,f,,,411.4800,392.8900
42,f,,,410.8000,394.5400
42,f,,,410.4300,396.3300
42,f,,,410.2700,398.4200
42,f,,,409.2500,398.4200
42,f,,,414.1200,396.7000
42,f,,,414.6300,396.4200
42,f,,,415.1200,396.7000
42,f,,,415.3300,397.4400
42,f,,,415.1200,398.1400
42,f,,,414.6300,398.4200
42,f,,,414.1200,398.1400
42,f,,,413.9100,397.4400
42,f,,,417.7100,397.1500
42,f,,,418.8500,397.4200
42,f,,,419.5000,397.3100
42,f,,,420.0300,397.0000
42,f,,,420.3900,396.5100
42,f,,,420.5200,395.8900
42,f,,,420.0800,394.8100
42,f,,,418.9000,394.4200
42,f,,,418.2100,394.5400
42,f,,,417.5800,394.8900
42,f,,,417.0500,394.5600
42,f,,,417.3000,390.4200
42,f,,,421.1300,390.4200
42,f,,,421.1300,391.4200
42,f,,,418.1800,391.4200
42,f,,,417.9700,393.7300
42,f,,,418.5100,393.5000
42,f,,,419.1500,393.4200
42,f,,,420.0700,393.5600
42,f,,,420.8300,394.0000
42,f,,,421.3300,394.7500
42,f,,,421.5200,395.8300
42,f,,,421.3000,396.9300
42,f,,,420.7200,397.7400
42,f,,,419.9000,398.2500
42,f,,,418.9400,398.4200
42,f,,,418.1100,398.3100
42,f,,,417.4200,398.0200
42,f,,,416.8600,397.6200
42,f,,,416.4300,397.1900
42,f,,,416.9100,396.5400
42,f,,,422.9000,394.1700
42,f,,,423.5000,393.2200
42,f,,,424.3300,392.6200
42,f,,,425.3000,392.4200
42,f,,,426.2900,392.6000
42,f,,,427.0200,393.1100
42,f,,,427.4700,393.9000
42,f,,,427.6300,394.9200
42,f,,,427.5800,395.4200
42,f,,,423.6600,395.4200
42,f,,,424.2300,396.8800
42,f,,,425.6000,397.4200
42,f,,,426.3700,397.2900
42,f,,,427.0500,396.9500
42,f,,,427.4000,397.6700
42,f,,,426.5500,398.1900
42,f,,,425.4700,398.4200
42,f,,,424.3800,398.2200
42,f,,,423.4900,397.6300
42,f,,,422.9000,396.6900
42,f,,,422.6800,395.4400
42,f,,,426.3800,393.6800
42,f,,,425.3200,393.4200
42,f,,,424.7200,393.4900
42,f,,,424.2200,393.6900
42,f,,,423.8400,394.0000
42,f,,,423.6500,394.4200
42,f,,,426.7500,394.4200
42,f,,,431.3800,394.4200
42,f,,,431.3800,395.4200
42,f,,,428.6100,395.4200
42,f,,,428.6100,394.4200
42,f,,,433.3100,397.3800
42,f,,,432.6600,394.3900
42,f,,,433.3100,391.4400
42,f,,,435.1100,390.4200
42,f,,,436.9200,391.4400
42,f,,,437.5700,394.3900
42,f,,,436.9200,397.3800
42,f,,,435.1100,398.4200
42,f,,,435.7200,397.2500
42,f,,,436.1900,396.7000
42,f,,,436.5000,395.7600
42,f,,,436.6000,394.4000
42,f,,,436.5000,393.0400
42,f,,,436.1900,392.1200
42,f,,,435.7200,391.5900
42,f,,,435.1100,391.4200
42,f,,,434.5100,391.5900
42,f,,,434.0300,392.1200
42,f,,,433.7200,393.0400
42,f,,,433.6100,394.4000
42,f,,,434.0300,396.7000
42,f,,,435.1100,397.4200
42,f,,,440.4400,396.3800
42,f,,,440.8400,394.6200
42,f,,,441.5100,393.0100
42,f,,,442.4700,391.4200
42,f,,,438.6600,391.4200
42,f,,,438.6600,390.4200
42,f,,,443.5800,390.4200
42,f,,,443.5800,391.1900
42,f,,,442.4800,392.8900
42,f,,,441.8000,394.5400
42,f,,,441.4300,396.3300
42,f,,,441.2700,398.4200
42,f,,,440.2500,398.4200
43,s,0.0000|0.0000|0.0000,0.7142860293388367,502.2383,388.4102
43,s,0.0000|0.0000|0.0000,0.7142860293388367,502.2383,383.3984
44,f,,,489.6200,396.0100
44,f,,,489.7400,396.5800
44,f,,,490.0900,397.0200
44,f,,,490.6200,397.3200
44,f,,,491.2700,397.4200
44,f,,,492.3600,397.0600
44,f,,,492.7700,396.1400
44,f,,,492.6000,395.5200
44,f,,,492.1400,395.0800
44,f,,,491.4700,394.7300
44,f,,,490.6900,394.4200
44,f,,,489.9200,395.1200
44,f,,,489.6200,396.0100
44,f,,,492.3700,393.3200
44,f,,,492.5800,392.6100
44,f,,,492.2300,391.7600
44,f,,,491.2600,391.4200
44,f,,,490.3600,391.7200
44,f,,,490.0200,392.5100
44,f,,,490.1600,393.0300
44,f,,,490.5500,393.4200
44,f,,,491.1200,393.7200
44,f,,,491.7900,393.9700
44,f,,,488.8600,395.0700
44,f,,,489.1900,394.3700
44,f,,,489.6400,393.8300
44,f,,,490.1800,393.4200
44,f,,,490.1800,393.3900
44,f,,,489.4300,392.8000
44,f,,,489.1000,391.9800
44,f,,,489.2700,391.3400
44,f,,,489.7300,390.8600
44,f,,,490.4100,390.5400
44,f,,,491.2700,390.4200
44,f,,,492.1800,390.5900
44,f,,,492.8500,391.0800
44,f,,,493.2900,391.8400
44,f,,,493.4400,392.8100
44,f,,,493.3300,393.4700
44,f,,,493.0800,394.0800
44,f,,,492.7400,394.5800
44,f,,,492.3800,394.9700
44,f,,,492.3800,395.0100
44,f,,,492.8700,395.2900
44,f,,,493.3000,395.6500
44,f,,,493.6000,396.1000
44,f,,,493.7100,396.6900
44,f,,,493.5300,397.3700
44,f,,,493.0300,397.9200
44,f,,,492.2500,398.2900
44,f,,,491.2400,398.4200
44,f,,,490.2300,398.2300
44,f,,,489.4400,397.7100
44,f,,,488.9200,396.9100
44,f,,,488.7200,395.9000
44,f,,,495.0100,394.1700
44,f,,,495.6100,393.2200
44,f,,,496.4400,392.6200
44,f,,,497.4100,392.4200
44,f,,,498.4000,392.6000
44,f,,,499.1300,393.1100
44,f,,,499.5800,393.9000
44,f,,,499.7400,394.9200
44,f,,,499.6900,395.4200
44,f,,,495.7700,395.4200
44,f,,,496.3400,396.8800
44,f,,,497.7100,397.4200
44,f,,,498.4800,397.2900
44,f,,,499.1600,396.9500
44,f,,,499.5100,397.6700
44,f,,,498.6600,398.1900
44,f,,,497.5800,398.4200
44,f,,,496.4900,398.2200
44,f,,,495.6000,397.6300
44,f,,,495.0100,396.6900
44,f,,,494.7900,395.4400
44,f,,,498.4900,393.6800
44,f,,,497.4300,393.4200
44,f,,,496.8300,393.4900
44,f,,,496.3300,393.6900
44,f,,,495.9500,394.0000
44,f,,,495.7600,394.4200
44,f,,,498.8600,394.4200
44,f,,,503.4900,394.4200
44,f,,,503.4900,395.4200
44,f,,,500.7200,395.4200
44,f,,,500.7200,394.4200
44,f,,,505.4200,397.3800
44,f,,,504.7700,394.3900
44,f,,,505.4200,391.4400
44,f,,,507.2200,390.4200
44,f,,,509.0300,391.4400
44,f,,,509.6800,394.3900
44,f,,,509.0300,397.3800
44,f,,,507.2200,398.4200
44,f,,,507.8300,397.2500
44,f,,,508.3000,396.7000
44,f,,,508.6100,395.7600
44,f,,,508.7100,394.4000
44,f,,,508.6100,393.0400
44,f,,,508.3000,392.1200
44,f,,,507.8300,391.5900
44,f,,,507.2200,391.4200
44,f,,,506.6200,391.5900
44,f,,,506.1400,392.1200
44,f,,,505.8300,393.0400
44,f,,,505.7200,394.4000
44,f,,,506.1400,396.7000
44,f,,,507.2200,397.4200
44,f,,,512.5500,396.3800
44,f,,,512.9500,394.6200
44,f,,,513.6200,393.0100
44,f,,,514.5800,391.4200
44,f,,,510.7700,391.4200
44,f,,,510.7700,390.4200
44,f,,,515.6900,390.4200
44,f,,,515.6900,391.1900
44,f,,,514.5900,392.8900
44,f,,,513.9100,394.5400
44,f,,,513.5400,396.3300
44,f,,,513.3800,398.4200
44,f,,,512.3600,398.4200
45,s,0.0000|0.0000|0.0000,0.7142860293388367,579.3516,388.4102
45,s,0.0000|0.0000|0.0000,0.7142860293388367,579.3516,383.3984
46,f,,,562.7400,396.0100
46,f,,,562.8600,396.5800
46,f,,,563.2100,397.0200
46,f,,,563.7400,397.3200
46,f,,,564.3900,397.4200
46,f,,,565.4800,397.0600
46,f,,,565.8900,396.1400
46,f,,,565.7200,395.5200
46,f,,,565.2600,395.0800
46,f,,,564.5900,394.7300
46,f,,,563.8100,394.4200
46,f,,,563.0400,395.1200
46,f,,,562.7400,396.0100
46,f,,,565.4900,393.3200
46,f,,,565.7000,392.6100
46,f,,,565.3500,391.7600
46,f,,,564.3800,391.4200
46,f,,,563.4800,391.7200
46,f,,,563.1400,392.5100
46,f,,,563.2800,393.0300
46,f,,,563.6700,393.4200
46,f,,,564.2400,393.7200
46,f,,,564.9100,393.9700
46,f,,,561.9800,395.0700
46,f,,,562.3100,394.3700
46,f,,,562.7600,393.8300
46,f,,,563.3000,393.4200
46,f,,,563.3000,393.3900
46,f,,,562.5500,392.8000
46,f,,,562.2200,391.9800
46,f,,,562.3900,391.3400
46,f,,,562.8500,390.8600
46,f,,,563.5300,390.5400
46,f,,,564.3900,390.4200
46,f,,,565.3000,390.5900
46,f,,,565.9700,391.0800
46,f,,,566.4100,391.8400
46,f,,,566.5600,392.8100
46,f,,,566.4500,393.4700
46,f,,,566.2000,394.0800
46,f,,,565.8600,394.5800
46,f,,,565.5000,394.9700
46,f,,,565.5000,395.0100
46,f,,,565.9900,395.2900
46,f,,,566.4200,395.6500
46,f,,,566.7200,396.1000
46,f,,,566.8300,396.6900
46,f,,,566.6500,397.3700
46,f,,,566.1500,397.9200
46,f,,,565.3700,398.2900
46,f,,,564.3600,398.4200
46,f,,,563.3500,398.2300
46,f,,,562.5600,397.7100
46,f,,,562.0400,396.9100
46,f,,,561.8400,395.9000
46,f,,,568.3500,396.7000
46,f,,,568.8600,396.4200
46,f,,,569.3500,396.7000
46,f,,,569.5600,397.4400
46,f,,,569.3500,398.1400
46,f,,,568.8600,398.4200
46,f,,,568.3500,398.1400
46,f,,,568.1400,397.4400
46,f,,,571.9400,397.1500
46,f,,,573.0800,397.4200
46,f,,,573.7300,397.3100
46,f,,,574.2600,397.0000
46,f,,,574.6200,396.5100
46,f,,,574.7500,395.8900
46,f,,,574.3100,394.8100
46,f,,,573.1300,394.4200
46,f,,,572.4400,394.5400
46,f,,,571.8100,394.8900
46,f,,,571.2800,394.5600
46,f,,,571.5300,390.4200
46,f,,,575.3600,390.4200
46,f,,,575.3600,391.4200
46,f,,,572.4100,391.4200
46,f,,,572.2000,393.7300
46,f,,,572.7400,393.5000
46,f,,,573.3800,393.4200
46,f,,,574.3000,393.5600
46,f,,,575.0600,394.0000
46,f,,,575.5600,394.7500
46,f,,,575.7500,395.8300
46,f,,,575.5300,396.9300
46,f,,,574.9500,397.7400
46,f,,,574.1300,398.2500
46,f,,,573.1700,398.4200
46,f,,,572.3400,398.3100
46,f,,,571.6500,398.0200
46,f,,,571.0900,397.6200
46,f,,,570.6600,397.1900
46,f,,,571.1400,396.5400
46,f,,,577.1300,394.1700
46,f,,,577.7300,393.2200
46,f,,,578.5600,392.6200
46,f,,,579.5300,392.4200
46,f,,,580.5200,392.6000
46,f,,,581.2500,393.1100
46,f,,,581.7000,393.9000
46,f,,,581.8600,394.9200
46,f,,,581.8100,395.4200
46,f,,,577.8900,395.4200
46,f,,,578.4600,396.8800
46,f,,,579.8300,397.4200
46,f,,,580.6000,397.2900
46,f,,,581.2800,396.9500
46,f,,,581.6300,397.6700
46,f,,,580.7800,398.1900
46,f,,,579.7000,398.4200
46,f,,,578.6100,398.2200
46,f,,,577.7200,397.6300
46,f,,,577.1300,396.6900
46,f,,,576.9100,395.4400
46,f,,,580.6100,393.6800
46,f,,,579.5500,393.4200
46,f,,,578.9500,393.4900
46,f,,,578.4500,393.6900
46,f,,,578.0700,394.0000
46,f,,,577.8800,394.4200
46,f,,,580.9800,394.4200
46,f,,,585.6100,394.4200
46,f,,,585.6100,395.4200
46,f,,,582.8400,395.4200
46,f,,,582.8400,394.4200
46,f,,,587.5400,397.3800
46,f,,,586.8900,394.3900
46,f,,,587.5400,391.4400
46,f,,,589.3400,390.4200
46,f,,,591.1500,391.4400
46,f,,,591.8000,394.3900
46,f,,,591.1500,397.3800
46,f,,,589.3400,398.4200
46,f,,,589.9500,397.2500
46,f,,,590.4200,396.7000
46,f,,,590.7300,395.7600
46,f,,,590.8300,394.4000
46,f,,,590.7300,393.0400
46,f,,,590.4200,392.1200
46,f,,,589.9500,391.5900
46,f,,,589.3400,391.4200
46,f,,,588.7400,391.5900
46,f,,,588.2600,392.1200
46,f,,,587.9500,393.0400
46,f,,,587.8400,394.4000
46,f,,,588.2600,396.7000
46,f,,,589.3400,397.4200
46,f,,,594.6700,396.3800
46,f,,,595.0700,394.6200
46,f,,,595.7400,393.0100
46,f,,,596.7000,391.4200
46,f,,,592.8900,391.4200
46,f,,,592.8900,390.4200
46,f,,,597.8100,390.4200
46,f,,,597.8100,391.1900
46,f,,,596.7100,392.8900
46,f,,,596.0300,394.5400
46,f,,,595.6600,396.3300
46,f,,,595.5000,398.4200
46,f,,,594.4800,398.4200
47,s,0.0000|0.0000|0.0000,0.7142860293388367,657.4688,388.4102
47,s,0.0000|0.0000|0.0000,0.7142860293388367,657.4688,383.3984
48,f,,,646.2800,394.4200
48,f,,,647.0900,394.2100
48,f,,,647.8900,393.5000
48,f,,,647.3700,391.9400
48,f,,,646.2000,391.4200
48,f,,,645.6800,391.5300
48,f,,,645.2599,391.8400
48,f,,,644.9800,392.3300
48,f,,,644.8799,392.9500
48,f,,,645.2200,394.0300
48,f,,,646.2800,394.4200
48,f,,,645.2000,397.2500
48,f,,,645.8900,397.4200
48,f,,,646.6600,397.2700
48,f,,,647.3000,396.7900
48,f,,,647.7400,395.9000
48,f,,,647.9200,394.4400
48,f,,,647.0800,395.1500
48,f,,,646.1299,395.4200
48,f,,,644.5400,394.8100
48,f,,,643.9500,392.9700
48,f,,,644.1299,391.9400
48,f,,,644.6200,391.1300
48,f,,,645.3400,390.6100
48,f,,,646.2000,390.4200
48,f,,,647.2500,390.6500
48,f,,,648.0900,391.3400
48,f,,,648.6500,392.5100
48,f,,,648.8500,394.1200
48,f,,,648.6000,396.1100
48,f,,,647.9500,397.4400
48,f,,,647.0200,398.1900
48,f,,,645.9200,398.4200
48,f,,,644.8500,398.1400
48,f,,,644.0800,397.4400
48,f,,,644.6299,396.8100
48,f,,,650.2400,394.1700
48,f,,,650.8400,393.2200
48,f,,,651.6700,392.6200
48,f,,,652.6400,392.4200
48,f,,,653.6299,392.6000
48,f,,,654.3600,393.1100
48,f,,,654.8100,393.9000
48,f,,,654.9700,394.9200
48,f,,,654.9200,395.4200
48,f,,,651.0000,395.4200
48,f,,,651.5699,396.8800
48,f,,,652.9399,397.4200
48,f,,,653.7100,397.2900
48,f,,,654.3900,396.9500
48,f,,,654.7400,397.6700
48,f,,,653.8900,398.1900
48,f,,,652.8100,398.4200
48,f,,,651.7200,398.2200
48,f,,,650.8300,397.6300
48,f,,,650.2400,396.6900
48,f,,,650.0200,395.4400
48,f,,,653.7200,393.6800
48,f,,,652.6600,393.4200
48,f,,,652.0600,393.4900
48,f,,,651.5600,393.6900
48,f,,,651.1800,394.0000
48,f,,,650.9900,394.4200
48,f,,,654.0900,394.4200
48,f,,,658.7200,394.4200
48,f,,,658.7200,395.4200
48,f,,,655.9500,395.4200
48,f,,,655.9500,394.4200
48,f,,,660.6500,397.3800
48,f,,,660.0000,394.3900
48,f,,,660.6500,391.4400
48,f,,,662.4500,390.4200
48,f,,,664.2599,391.4400
48,f,,,664.9100,394.3900
48,f,,,664.2599,397.3800
48,f,,,662.4500,398.4200
48,f,,,663.0600,397.2500
48,f,,,663.5300,396.7000
48,f,,,663.8400,395.7600
48,f,,,663.9399,394.4000
48,f,,,663.8400,393.0400
48,f,,,663.5300,392.1200
48,f,,,663.0600,391.5900
48,f,,,662.4500,391.4200
48,f,,,661.8500,391.5900
48,f,,,661.3700,392.1200
48,f,,,661.0600,393.0400
48,f,,,660.9500,394.4000
48,f,,,661.3700,396.7000
48,f,,,662.4500,397.4200
48,f,,,667.7800,396.3800
48,f,,,668.1800,394.6200
48,f,,,668.8500,393.0100
48,f,,,669.8100,391.4200
48,f,,,666.0000,391.4200
48,f,,,666.0000,390.4200
48,f,,,670.9200,390.4200
48,f,,,670.9200,391.1900
48,f,,,669.8199,392.8900
48,f,,,669.1400,394.5400
48,f,,,668.7700,396.3300
48,f,,,668.6100,398.4200
48,f,,,667.5900,398.4200
